CREATE DATABASE  IF NOT EXISTS `noida` /*!40100 DEFAULT CHARACTER SET latin1 */;
USE `noida`;
-- MySQL dump 10.13  Distrib 5.7.9, for Win64 (x86_64)
--
-- Host: localhost    Database: noida
-- ------------------------------------------------------
-- Server version	5.7.9-log

/*!40101 SET @OLD_CHARACTER_SET_CLIENT=@@CHARACTER_SET_CLIENT */;
/*!40101 SET @OLD_CHARACTER_SET_RESULTS=@@CHARACTER_SET_RESULTS */;
/*!40101 SET @OLD_COLLATION_CONNECTION=@@COLLATION_CONNECTION */;
/*!40101 SET NAMES utf8 */;
/*!40103 SET @OLD_TIME_ZONE=@@TIME_ZONE */;
/*!40103 SET TIME_ZONE='+00:00' */;
/*!40014 SET @OLD_UNIQUE_CHECKS=@@UNIQUE_CHECKS, UNIQUE_CHECKS=0 */;
/*!40014 SET @OLD_FOREIGN_KEY_CHECKS=@@FOREIGN_KEY_CHECKS, FOREIGN_KEY_CHECKS=0 */;
/*!40101 SET @OLD_SQL_MODE=@@SQL_MODE, SQL_MODE='NO_AUTO_VALUE_ON_ZERO' */;
/*!40111 SET @OLD_SQL_NOTES=@@SQL_NOTES, SQL_NOTES=0 */;

--
-- Table structure for table `amc`
--

DROP TABLE IF EXISTS `amc`;
/*!40101 SET @saved_cs_client     = @@character_set_client */;
/*!40101 SET character_set_client = utf8 */;
CREATE TABLE `amc` (
  `ID` int(11) NOT NULL AUTO_INCREMENT,
  `AMC_NUMBER` varchar(100) NOT NULL,
  `START_DATE` datetime NOT NULL,
  `END_DATE` datetime NOT NULL,
  `VENDOR` varchar(100) NOT NULL,
  `DESCRIPTION` varchar(500) NOT NULL,
  `CREATED_TIME` datetime DEFAULT NULL,
  `UPDATED_TIME` datetime DEFAULT NULL,
  PRIMARY KEY (`ID`),
  UNIQUE KEY `ID_UNIQUE` (`ID`),
  UNIQUE KEY `AMC_NUMBER_UNIQUE` (`AMC_NUMBER`)
) ENGINE=InnoDB AUTO_INCREMENT=15 DEFAULT CHARSET=latin1;
/*!40101 SET character_set_client = @saved_cs_client */;

--
-- Dumping data for table `amc`
--

LOCK TABLES `amc` WRITE;
/*!40000 ALTER TABLE `amc` DISABLE KEYS */;
INSERT INTO `amc` VALUES (1,'AMC_NewProduct_01','2016-04-01 00:00:00','2020-12-31 00:00:00','New Product','Dummy AMC for new products','2016-11-19 07:18:35','2016-11-19 07:18:35'),(2,'AMC_Hospital_01','2016-04-01 00:00:00','2020-03-31 00:00:00','Acumen','Dummy AMC for Hospital','2016-11-21 07:46:11','2016-11-21 07:46:11'),(3,'AMC_CHILDHOSPITAL_01','2016-04-01 00:00:00','2020-03-31 00:00:00','ACUMEN','CHILD SPECIALIST HOSPITAL SEC-30 ','2016-11-23 06:58:10','2016-11-23 06:58:10'),(4,'AMC_COMPUTER_CELL_01','2016-04-01 00:00:00','2020-03-31 00:00:00','Acumen','Computer Cell','2016-11-25 06:46:55','2016-11-25 06:46:55'),(5,'AMC_INSTIUTIONAL_01','2016-04-01 00:00:00','2020-03-31 00:00:00','acumen','Dummy AMC For Instiutional',NULL,'2016-12-02 07:17:07'),(6,'AMC_Tender Cell_01','2016-04-01 00:00:00','2020-03-31 00:00:00','acumen','Dummy AMC For Tender Cell',NULL,'2016-12-02 07:17:42'),(7,'AMC_Jal-3rd','2016-04-01 00:00:00','2020-03-31 00:00:00','acumen','Dummy AMC For Jal-3rd',NULL,'2016-12-02 07:18:08'),(8,'AMC_Group Housing_01','2016-04-01 00:00:00','2020-03-31 00:00:00','acumen','Dummy AMC For Group Housing','2016-12-02 05:59:04','2016-12-02 05:59:04'),(9,'AMC_NTC_01','2016-04-01 00:00:00','2020-03-31 00:00:00','Acumen','Dummy AMC For NTC',NULL,'2016-12-02 07:22:06'),(10,'AMC_E&M3_01','2016-04-01 00:00:00','2020-03-31 00:00:00','acuemn','Dummt AMC for E&M 3rd','2016-12-02 07:23:28','2016-12-02 07:23:28'),(11,'AMC_FC_01a','2016-04-01 00:00:00','2020-03-31 00:00:00','acumen','Dummy AMC for FC','2016-12-02 08:25:39','2016-12-02 08:25:39'),(12,'AMC_Commercial_01','2016-04-01 00:00:00','2020-03-31 00:00:00','acumen','Dummy AMC for Commercial','2016-12-02 08:51:08','2016-12-02 08:51:08'),(13,'AMC_Health Ist-01','2016-04-01 00:00:00','2020-03-31 00:00:00','acumen','Dummy AMC For Health 1st','2016-12-05 07:32:01','2016-12-05 07:32:01'),(14,'AMC_Health2nd _01','2016-04-01 00:00:00','2020-03-31 00:00:00','acumen','Dummy AMC For Health 2nd','2016-12-05 07:33:08','2016-12-05 07:33:08');
/*!40000 ALTER TABLE `amc` ENABLE KEYS */;
UNLOCK TABLES;

--
-- Table structure for table `asset`
--

DROP TABLE IF EXISTS `asset`;
/*!40101 SET @saved_cs_client     = @@character_set_client */;
/*!40101 SET character_set_client = utf8 */;
CREATE TABLE `asset` (
  `ID` int(11) NOT NULL AUTO_INCREMENT,
  `SERIAL_NO` varchar(45) NOT NULL,
  `BARCODE` varchar(45) NOT NULL,
  `AMC_ID` int(11) NOT NULL,
  `PO_ID` int(11) NOT NULL,
  `ASSET_MAIN_TYPE_ID` int(11) NOT NULL,
  `ASSET_SUB_TYPE_ID` int(11) NOT NULL,
  `STATUS` varchar(45) NOT NULL,
  `DESCRIPTION` varchar(500) NOT NULL,
  `CREATED_TIME` datetime DEFAULT NULL,
  `UPDATED_TIME` datetime DEFAULT NULL,
  PRIMARY KEY (`ID`),
  UNIQUE KEY `SERIAL_NO_UNIQUE` (`SERIAL_NO`),
  UNIQUE KEY `BARCODE_UNIQUE` (`BARCODE`),
  KEY `AMC_ID_FK_idx` (`AMC_ID`),
  KEY `PO_ID_FK_idx` (`PO_ID`),
  KEY `ASSET_TYPE_ID_FK_idx` (`ASSET_MAIN_TYPE_ID`),
  KEY `ASSET_SUB_TYPE_ID_FK_idx1` (`ASSET_SUB_TYPE_ID`),
  CONSTRAINT `AMC_ID_FK` FOREIGN KEY (`AMC_ID`) REFERENCES `amc` (`ID`) ON DELETE CASCADE ON UPDATE CASCADE,
  CONSTRAINT `ASSET_MAIN_TYPE_ID_FK2` FOREIGN KEY (`ASSET_MAIN_TYPE_ID`) REFERENCES `asset_main_type` (`ID`) ON DELETE CASCADE ON UPDATE CASCADE,
  CONSTRAINT `ASSET_SUB_TYPE_ID_FK2` FOREIGN KEY (`ASSET_SUB_TYPE_ID`) REFERENCES `asset_sub_type` (`ID`) ON DELETE CASCADE ON UPDATE CASCADE,
  CONSTRAINT `PO_ID_FK1` FOREIGN KEY (`PO_ID`) REFERENCES `po` (`ID`) ON DELETE CASCADE ON UPDATE CASCADE
) ENGINE=InnoDB AUTO_INCREMENT=578 DEFAULT CHARSET=latin1;
/*!40101 SET character_set_client = @saved_cs_client */;

--
-- Dumping data for table `asset`
--

LOCK TABLES `asset` WRITE;
/*!40000 ALTER TABLE `asset` DISABLE KEYS */;
INSERT INTO `asset` VALUES (1,'INA120ZK2R','000001',1,1,1,7,'OLD','','2016-11-19 07:19:26','2016-11-19 07:19:26'),(2,'ina130rs12','000002',2,2,1,7,'OLD','Hp Pro 3090 MT CPU','2016-11-21 09:08:20','2016-11-21 09:08:20'),(3,'cnt11803kz','000003',2,2,4,4,'OLD','Hp 185e Monitor','2016-11-21 09:09:42','2016-11-21 09:09:42'),(4,'baujq01vbzl21x','000004',2,2,12,13,'OLD','Hp Keyboard',NULL,'2016-11-21 09:21:57'),(5,'fatskok5bzgkjc','000005',2,2,11,11,'OLD','Hp mouse',NULL,'2016-11-21 09:21:18'),(6,'eb1125002244','000006',2,2,6,15,'OLD','APC 600 VA','2016-11-21 09:23:05','2016-11-21 09:23:05'),(7,'ina103snfh','000007',2,2,1,7,'OLD','Hp Pro 3090 MT CPU',NULL,'2016-11-23 10:16:28'),(8,'cnt1144chf','000008',2,2,4,4,'OLD','hp 185e','2016-11-21 09:33:56','2016-11-21 09:33:56'),(9,'baujqo1vbzhhrj','000009',2,2,12,13,'OLD','hp keyboard','2016-11-21 09:36:18','2016-11-21 09:36:18'),(10,'130800386','000010',2,2,11,11,'OLD','hp mouse','2016-11-21 09:37:12','2016-11-21 09:37:12'),(11,'cncj602031','000011',2,2,5,10,'OLD','hp laserjet 1020 plus','2016-11-21 09:38:15','2016-11-21 09:38:15'),(12,'ev1137002501','000012',2,2,6,15,'OLD','apc 600va','2016-11-21 09:39:04','2016-11-21 09:39:04'),(13,'ina103snj6','000013',2,2,1,7,'OLD','Hp Pro 3090 MT CPU',NULL,'2016-11-23 10:16:47'),(14,'6cm2490gv6','000014',2,2,4,4,'OLD','hplv1911','2016-11-21 09:44:37','2016-11-21 09:44:37'),(15,'bdamp0nvb4q785','000015',2,2,12,13,'OLD','hp keyboard','2016-11-21 09:45:23','2016-11-21 09:45:23'),(16,'1308003390','000016',2,2,11,11,'OLD','hp mouse','2016-11-21 09:46:07','2016-11-21 09:46:07'),(17,'cnfyc13299','000017',2,2,5,24,'OLD','hp laserjet 4015n','2016-11-21 09:48:40','2016-11-21 09:48:40'),(18,'eb103900037','000018',2,2,6,15,'OLD','apc 600va','2016-11-21 09:49:45','2016-11-21 09:49:45'),(19,'ina103snjb','000019',2,2,1,7,'OLD','Hp Pro 3090 MT CPU',NULL,'2016-11-23 10:17:04'),(20,'cnt12206ml','000020',2,2,4,4,'OLD','hp 185e','2016-11-21 09:51:37','2016-11-21 09:51:37'),(21,'baujq0ivbomb29','000021',2,2,12,13,'OLD','hp keyboard','2016-11-21 09:52:32','2016-11-21 09:52:32'),(22,'fatsk0ln30pcoi','000022',2,2,11,11,'OLD','hp mouse','2016-11-21 09:53:27','2016-11-21 09:53:27'),(23,'cncfx08914','000023',2,2,5,10,'OLD','hp laserjet 1020','2016-11-21 09:54:03','2016-11-21 09:54:03'),(24,'cn12va50d1','000024',2,2,13,22,'OLD','hp scanjet g3110',NULL,'2016-11-21 10:00:00'),(25,'eb1039001159','000025',2,2,6,15,'OLD','apc 600va','2016-11-21 09:56:21','2016-11-21 09:56:21'),(26,'ina103rs1y','000026',2,2,1,7,'OLD','Hp Pro 3090 MT CPU',NULL,'2016-11-23 10:17:31'),(27,'cnt12206nf','000027',2,2,4,4,'OLD','hp 185e','2016-11-21 10:01:47','2016-11-21 10:01:47'),(28,'cn14262194','000028',2,2,12,13,'OLD','hp keyboard','2016-11-21 10:02:20','2016-11-21 10:02:20'),(29,'cn15524294','000029',2,2,11,11,'OLD','hp mouse','2016-11-21 10:02:54','2016-11-21 10:02:54'),(30,'vnf3008830','000030',2,2,5,10,'OLD','hp laserjet 1566','2016-11-21 10:03:46','2016-11-21 10:03:46'),(31,'eb1138002445','000031',2,2,6,15,'OLD','apc 600va','2016-11-21 10:04:20','2016-11-21 10:04:20'),(32,'ina136tclt','000032',2,2,1,8,'OLD','hp elite 7100','2016-11-21 10:05:44','2016-11-21 10:05:44'),(33,'cnt02153op','000033',2,2,4,4,'OLD','hp 185e','2016-11-21 10:06:23','2016-11-21 10:06:23'),(34,'cn15206621','000034',2,2,12,13,'OLD','hp keyboard','2016-11-21 10:07:14','2016-11-21 10:07:14'),(35,'cn15421883','000035',2,2,11,11,'OLD','hp mouse','2016-11-21 10:07:54','2016-11-21 10:07:54'),(36,'ina136tchq','000036',2,2,1,8,'OLD','hp elite 7100','2016-11-21 10:09:04','2016-11-21 10:09:04'),(37,'cnt11146kz','000037',2,2,4,4,'OLD','hp 185e','2016-11-21 10:09:46','2016-11-21 10:09:46'),(38,'baujq0mcp182cg','000038',2,2,12,13,'OLD','hp keyboard','2016-11-21 10:10:32','2016-11-21 10:10:32'),(39,'fatskol8fokeyf','000039',2,2,11,11,'OLD','hp mouse','2016-11-21 10:11:14','2016-11-21 10:11:14'),(40,'vnc3023272','000040',2,2,5,10,'OLD','hp laserjet 1606 dn','2016-11-21 10:11:52','2016-11-21 10:11:52'),(41,'eb1010004451','000041',2,2,6,15,'OLD','apc 600va','2016-11-21 10:12:32','2016-11-21 10:12:32'),(42,'cn12ht21bg','000042',2,2,13,22,'OLD','hp scanjet g2410','2016-11-21 10:16:41','2016-11-21 10:16:41'),(43,'ina136tcmo','000043',2,2,1,8,'OLD','hp elite 7100','2016-11-21 10:19:27','2016-11-21 10:19:27'),(44,'cnxfx09010','000044',2,2,5,10,'OLD','hp laserjet 1020 plus','2016-11-21 10:20:09','2016-11-21 10:20:09'),(45,'ina130rrzt','000045',2,2,1,7,'OLD','Hp Pro 3090 MT CPU',NULL,'2016-11-23 10:17:52'),(46,'cnt12206pm','000046',2,2,4,4,'OLD','hp 185e','2016-11-21 10:23:00','2016-11-21 10:23:00'),(47,'baujq01vbomb1n','000047',2,2,12,13,'OLD','hp keyboard','2016-11-21 10:23:41','2016-11-21 10:23:41'),(48,'cn1407','000048',2,2,11,11,'OLD','hp mouse','2016-11-21 10:24:09','2016-11-21 10:24:09'),(49,'eb1138004521','000049',2,2,6,15,'OLD','apc 600 va','2016-11-21 10:24:52','2016-11-21 10:24:52'),(50,'ina136tcnb','000050',2,2,1,8,'OLD','hp elite 7100',NULL,'2016-11-22 09:49:41'),(51,'cnt1144cbc','000051',2,2,4,4,'OLD','hp 185e','2016-11-21 10:28:40','2016-11-21 10:28:40'),(52,'baujq0mcp1bb1bg','000052',2,2,12,13,'OLD','hp keybaord','2016-11-21 10:29:17','2016-11-21 10:29:17'),(53,'fatskoln30pd6p','000053',2,2,11,11,'OLD','hp mouse','2016-11-21 10:30:02','2016-11-21 10:30:02'),(54,'vnc3023033','000054',2,2,5,10,'OLD','hp laserjet 1606dn','2016-11-21 10:30:40','2016-11-21 10:30:40'),(55,'eb1138002525','000055',2,2,6,15,'OLD','apc 600va','2016-11-21 10:31:13','2016-11-21 10:31:13'),(57,'ina136tcnf','000056',2,2,1,8,'OLD','hp elite 7100','2016-11-21 10:34:00','2016-11-21 10:34:00'),(58,'cnt1144ccl','000057',2,2,4,4,'OLD','hp 185e','2016-11-21 10:34:51','2016-11-21 10:34:51'),(59,'baujqomcp1b24h','000058',2,2,12,13,'OLD','hp keyboard','2016-11-21 10:35:44','2016-11-21 10:35:44'),(60,'fatskol8fokeke','000059',2,2,11,11,'OLD','hp mouse','2016-11-21 10:36:26','2016-11-21 10:36:26'),(61,'vnc3d23027','000060',2,2,5,10,'OLD','hp laserjet 1606dn','2016-11-21 10:37:14','2016-11-21 10:37:14'),(62,'eb1138002466','000061',2,2,6,15,'OLD','apc 600va','2016-11-21 10:37:53','2016-11-21 10:37:53'),(63,'cnt1144ffp','000062',2,2,4,4,'OLD','hp 185e','2016-11-21 10:39:33','2016-11-21 10:39:33'),(64,'fatskok58zfdgr','000063',2,2,11,11,'OLD','hp mouse','2016-11-21 10:40:42','2016-11-21 10:40:42'),(65,'000000','000064',2,2,12,13,'OLD','hp keyboar','2016-11-21 10:41:27','2016-11-21 10:41:27'),(66,'ina204zgpf','000065',2,2,1,7,'OLD','hp pro 3090','2016-11-21 10:42:17','2016-11-21 10:42:17'),(67,'vnc3d23267','000066',2,2,5,10,'OLD','hp laserjet 1606dn','2016-11-21 10:42:54','2016-11-21 10:42:54'),(68,'ina136tcnr','000067',2,2,1,8,'OLD','hp elite 7100','2016-11-21 10:44:11','2016-11-21 10:44:11'),(69,'eb1117006253','000068',2,2,6,15,'OLD','apc 600va','2016-11-21 10:45:13','2016-11-21 10:45:13'),(70,'fatskolm30pb6n','000069',2,2,11,11,'OLD','hp mouse','2016-11-21 10:46:12','2016-11-21 10:46:12'),(71,'ina120zksz','000070',2,2,1,7,'OLD','hp 3090 mt','2016-11-21 10:47:20','2016-11-21 10:47:20'),(72,'cnt0494259','000071',2,2,4,4,'OLD','hp 185e','2016-11-21 10:48:07','2016-11-21 10:48:07'),(73,'baujqu1vbzl6lr','000072',2,2,12,13,'OLD','hp keyboard','2016-11-21 10:48:58','2016-11-21 10:48:58'),(74,'cn1426a','000073',2,2,11,11,'OLD','hp mouse','2016-11-21 10:49:42','2016-11-21 10:49:42'),(75,'cncfx09014','000074',2,2,5,10,'OLD','hp laserjet 1020 plus','2016-11-21 10:50:44','2016-11-21 10:50:44'),(76,'2 KV','000076',2,2,6,25,'OLD','apc 2 KV','2016-11-21 10:54:41','2016-11-21 10:54:41'),(77,'ina139ukv3','000077',2,2,1,7,'OLD','hp pro 3090 mt','2016-11-21 11:18:22','2016-11-21 11:18:22'),(78,'cnt12206mv','000078',2,2,4,4,'OLD','hp 185e','2016-11-21 11:18:52','2016-11-21 11:18:52'),(79,'baujq6mcp1b1pg','000079',2,2,12,13,'OLD','hp keyboard','2016-11-21 11:19:29','2016-11-21 11:19:29'),(80,'fatskoln30pd55','000080',2,2,11,11,'OLD','hp mouse','2016-11-21 11:20:09','2016-11-21 11:20:09'),(81,'vnc3f51121','000081',2,2,5,10,'OLD','hp laserjet 1566','2016-11-21 11:20:53','2016-11-21 11:20:53'),(82,'eb1142010112','000082',2,2,6,15,'OLD','apc 600va','2016-11-21 11:21:25','2016-11-21 11:21:25'),(83,'ina136tcmm','000083',2,2,1,8,'OLD','hp elite 7100','2016-11-21 11:22:56','2016-11-21 11:22:56'),(84,'cnt1144cdt','000084',2,2,4,4,'OLD','hp 185e','2016-11-21 11:23:59','2016-11-21 11:23:59'),(85,'baujqomcp1b508','000085',2,2,12,13,'OLD','hp keyboard','2016-11-21 11:24:55','2016-11-21 11:24:55'),(86,'1308003388','000086',2,2,11,11,'OLD','hp mouse','2016-11-21 11:25:21','2016-11-21 11:25:21'),(87,'vnc3d23349','000087',2,2,5,10,'OLD','hp laserjet 1606dn','2016-11-21 11:27:21','2016-11-21 11:27:21'),(88,'eb1124005857','000088',2,2,6,15,'OLD','apc 600va','2016-11-21 11:27:59','2016-11-21 11:27:59'),(89,'ina130rs2h','000089',2,2,1,7,'OLD','hp pro 3090 mt','2016-11-21 11:28:50','2016-11-21 11:28:50'),(90,'cnt12206nb','000090',2,2,4,4,'OLD','hp 185e','2016-11-21 11:29:26','2016-11-21 11:29:26'),(91,'baujqomcp1b309','000091',2,2,12,13,'OLD','hp keyboard','2016-11-21 11:30:24','2016-11-21 11:30:24'),(92,'fatskoln30pbvg','000092',2,2,11,11,'OLD','hp mouse','2016-11-21 11:31:17','2016-11-21 11:31:17'),(93,'vnf3d16883','000093',2,2,5,10,'OLD','hp laserjet 1566','2016-11-21 11:31:49','2016-11-21 11:31:49'),(94,'eb1138004504','000094',2,2,6,15,'OLD','apc 600va','2016-11-21 11:32:18','2016-11-21 11:32:18'),(95,'ina136tcqt','000095',2,2,1,8,'OLD','hp elite 7100','2016-11-21 11:34:51','2016-11-21 11:34:51'),(96,'cnt1144c6m','000096',2,2,4,4,'OLD','hp 185e','2016-11-21 11:35:20','2016-11-21 11:35:20'),(97,'baujq0mcp1b40c','000097',2,2,12,13,'OLD','hp keybaord','2016-11-21 11:36:24','2016-11-21 11:36:24'),(98,'fatskoln30pbym','000098',2,2,11,11,'OLD','hp mouse','2016-11-21 11:37:20','2016-11-21 11:37:20'),(99,'vnc3d15437','000099',2,2,5,10,'OLD','hp laserjet 1606dn','2016-11-21 11:38:12','2016-11-21 11:38:12'),(100,'eb1138003169','000100',2,2,6,15,'OLD','apc 600va','2016-11-21 11:38:44','2016-11-21 11:38:44'),(101,'ina136tcmn','000101',2,2,1,8,'OLD','hp elite 7100','2016-11-21 11:39:34','2016-11-21 11:39:34'),(102,'cnt111472p','000102',2,2,4,4,'OLD','hp 185e','2016-11-21 11:40:00','2016-11-21 11:40:00'),(103,'baujqogcpzklob','000103',2,2,12,13,'OLD','hp keyboard','2016-11-21 11:40:33','2016-11-21 11:40:33'),(104,'1308019034','000104',2,2,11,11,'OLD','hp mouse','2016-11-21 11:41:01','2016-11-21 11:41:01'),(105,'vnc3k01108','000105',2,2,5,10,'OLD','hp laserjet 1606dn','2016-11-21 11:41:31','2016-11-21 11:41:31'),(106,'eb1138004503','000106',2,2,6,15,'OLD','apc 600va','2016-11-21 11:42:12','2016-11-21 11:42:12'),(107,'ina136tclb','000107',1,2,1,8,'OLD','hp elite 7100','2016-11-21 11:43:06','2016-11-21 11:43:06'),(108,'cnt1398ini','000108',2,2,4,4,'OLD','hp1902','2016-11-21 11:43:37','2016-11-21 11:43:37'),(109,'baujqoivbomazc','000109',2,2,12,13,'OLD','hp keyboard','2016-11-21 11:44:29','2016-11-21 11:44:29'),(110,'1308019035','000110',2,2,11,11,'OLD','hp mouse','2016-11-21 11:45:01','2016-11-21 11:45:01'),(114,'eb1139001159','000111',2,2,6,15,'OLD','apc 600va','2016-11-21 11:49:03','2016-11-21 11:49:03'),(115,'ina136tcmt','000112',2,2,1,8,'OLD','hp elite 7100','2016-11-21 11:49:46','2016-11-21 11:49:46'),(116,'cnt11147mt','000113',2,2,4,4,'OLD','hp 185e','2016-11-21 11:50:15','2016-11-21 11:50:15'),(117,'baujqomcp1b27x','000114',2,2,12,13,'OLD','hp keyboard','2016-11-21 11:50:47','2016-11-21 11:50:47'),(118,'1308003385','000115',2,2,11,11,'OLD','hp mouse','2016-11-21 11:51:15','2016-11-21 11:51:15'),(119,'vnrj69fo76','000116',2,2,5,10,'OLD','hp laserjet 1022','2016-11-21 11:51:55','2016-11-21 11:51:55'),(120,'eb1138003143','000117',2,2,6,15,'OLD','APC 600VA','2016-11-21 11:52:32','2016-11-21 11:52:32'),(121,'ina138vgm4','000118',2,2,1,7,'OLD','hp 3090 mt','2016-11-21 11:53:14','2016-11-21 11:53:14'),(122,'cnt1114dv1','000119',2,2,4,4,'OLD','hp 185e','2016-11-21 11:53:45','2016-11-21 11:53:45'),(123,'baujqomcp1b4u7','000120',2,2,12,13,'OLD','hp keyboard','2016-11-21 11:54:31','2016-11-21 11:54:31'),(124,'1108003263','000121',2,2,11,11,'OLD','hp mouse','2016-11-21 11:55:08','2016-11-21 11:55:08'),(125,'cnbt625060','000122',2,2,5,10,'OLD','hp laserjet 1022','2016-11-21 11:56:00','2016-11-21 11:56:00'),(127,'eb1138002930','000123',2,2,6,15,'OLD','apc 600va','2016-11-21 11:56:55','2016-11-21 11:56:55'),(128,'ina1035541','000124',2,2,1,7,'OLD','hp 3090 mt','2016-11-21 11:57:33','2016-11-21 11:57:33'),(130,'cnt12206nbx','000129',2,2,4,4,'OLD','hp 185e','2016-11-21 12:00:47','2016-11-21 12:00:47'),(131,'baujq01ubom52','000130',2,2,12,13,'OLD','hp keyboard','2016-11-21 12:01:25','2016-11-21 12:01:25'),(132,'1308003389','000131',2,2,11,11,'OLD','hp mouse','2016-11-21 12:01:55','2016-11-21 12:01:55'),(133,'t53050968255','000132',2,2,6,15,'OLD','elnova 650va','2016-11-21 12:02:35','2016-11-21 12:02:35'),(134,'ina050ql5m','000133',2,2,1,7,'OLD','hp 3090 mt','2016-11-21 12:03:18','2016-11-21 12:03:18'),(135,'bbuvqomvb1r2hu','000134',2,2,12,13,'OLD','hp keyboard','2016-11-21 12:03:55','2016-11-21 12:03:55'),(136,'vnf3moo4958','000135',2,2,5,10,'OLD','hp lasejet 1566','2016-11-21 12:04:49','2016-11-21 12:04:49'),(137,'eb1039000927','000136',2,2,6,15,'OLD','apc 600va','2016-11-21 12:05:32','2016-11-21 12:05:32'),(138,'eb1125002165','000137',2,2,6,15,'OLD','apc 600va','2016-11-21 12:06:10','2016-11-21 12:06:10'),(139,'eb1039002036','000138',2,2,6,15,'OLD','apc 600va','2016-11-21 12:07:13','2016-11-21 12:07:13'),(140,'eb1135002249','000139',2,2,6,15,'OLD','apc 600va','2016-11-21 12:07:52','2016-11-21 12:07:52'),(141,'eb1124005547','000140',2,2,6,15,'OLD','apc 600va','2016-11-21 12:08:42','2016-11-21 12:08:42'),(142,'cnt01955yw','000142',2,2,4,4,'OLD','hp 185e','2016-11-22 06:00:46','2016-11-22 06:00:46'),(146,'baujqoivbomb7p','000144',2,2,12,13,'OLD','hp keyboard','2016-11-22 06:52:53','2016-11-22 06:52:53'),(147,'fat5kokfzzh401','000145',2,2,11,11,'OLD','hp mouse','2016-11-22 06:54:03','2016-11-22 06:54:03'),(148,'ina130rs25','000146',2,2,1,7,'OLD','hp 3090 mt','2016-11-22 06:54:53','2016-11-22 06:54:53'),(149,'cnt12743fq','000147',2,2,4,4,'OLD','hp 185e','2016-11-22 06:55:43','2016-11-22 06:55:43'),(150,'baujqivbombn2','000148',2,2,12,13,'OLD','hp keyboard','2016-11-22 06:56:48','2016-11-22 06:56:48'),(152,'cn1426ax','000149',2,2,11,11,'OLD','hp mouse','2016-11-22 06:58:27','2016-11-22 06:58:27'),(153,'cncfx08506','000150',2,2,5,10,'OLD','hp laserjet 1020 plus','2016-11-22 06:59:19','2016-11-22 06:59:19'),(154,'eb1103002203','000151',2,2,6,15,'OLD','apc 600va','2016-11-22 07:00:14','2016-11-22 07:00:14'),(155,'cnt0424050','000152',2,2,4,4,'OLD','hp 185e','2016-11-22 07:04:31','2016-11-22 07:04:31'),(156,'baujroivbzhga1','000153',2,2,12,13,'OLD','hp keyboard','2016-11-22 07:05:47','2016-11-22 07:05:47'),(157,'cn1542','000154',2,2,11,11,'OLD','hp mouse','2016-11-22 07:06:34','2016-11-22 07:06:34'),(158,'eb1039002045','000155',2,2,6,15,'OLD','apc 600va','2016-11-22 07:07:20','2016-11-22 07:07:20'),(159,'bcyuhoacpszx7q','000156',2,2,12,13,'OLD','hp keyboard','2016-11-22 07:09:39','2016-11-22 07:09:39'),(161,'ina136tcht','000160',2,2,1,8,'OLD','hp elite 7100','2016-11-22 07:28:29','2016-11-22 07:28:29'),(162,'cnt11146hf','000161',2,2,4,4,'OLD','hp 185e','2016-11-22 07:29:06','2016-11-22 07:29:06'),(163,'baujqomcp1b36l','000162',2,2,12,13,'OLD','hp keyboard','2016-11-22 07:29:46','2016-11-22 07:29:46'),(164,'fatskoln30pb45','000163',2,2,11,11,'OLD','hp mouse','2016-11-22 07:30:23','2016-11-22 07:30:23'),(165,'cnfy903111','000164',2,2,5,24,'OLD','hp laserjet 4015n','2016-11-22 07:31:01','2016-11-22 07:31:01'),(166,'eb1125002248','000165',2,2,6,15,'OLD','apc 600va','2016-11-22 07:31:30','2016-11-22 07:31:30'),(167,'ina136tcjs','000166',2,2,1,8,'OLD','hp elite 7100','2016-11-22 07:32:13','2016-11-22 07:32:13'),(168,'cnt04351v6','000167',2,2,4,4,'OLD','hp 185e','2016-11-22 07:32:56','2016-11-22 07:32:56'),(169,'baujqomcp1boxh','000168',2,2,12,13,'OLD','hp keyboard','2016-11-22 07:33:54','2016-11-22 07:33:54'),(170,'cn1504','000169',2,2,11,11,'OLD','hp mouse','2016-11-22 07:34:26','2016-11-22 07:34:26'),(171,'cnb6hahh40','000170',2,2,5,18,'OLD','hp laserjet m126 nw','2016-11-22 07:36:30','2016-11-22 07:36:30'),(172,'e21413003459','000171',2,2,6,15,'OLD','apc 600va','2016-11-22 07:37:26','2016-11-22 07:37:26'),(173,'ina130rs02','000172',2,2,1,7,'OLD','hp pro 3090 mt','2016-11-22 07:39:48','2016-11-22 07:39:48'),(174,'cnt11803m0','000173',2,2,4,4,'OLD','hp 185e','2016-11-22 07:40:51','2016-11-22 07:40:51'),(175,'baujq01vbomb5w','000174',2,2,12,13,'OLD','hp keyboard','2016-11-22 07:41:35','2016-11-22 07:41:35'),(176,'eb1138002532','000175',2,2,6,15,'OLD','apc 600va','2016-11-22 07:42:17','2016-11-22 07:42:17'),(177,'fna136tckg','000177',2,2,1,8,'OLD','hp elite 7100','2016-11-22 07:53:57','2016-11-22 07:53:57'),(178,'cnt111471l','000178',2,2,4,4,'OLD','hp 185e','2016-11-22 07:54:29','2016-11-22 07:54:29'),(179,'baujqomcpibiye','000179',2,2,12,13,'OLD','hp keyboard','2016-11-22 07:55:07','2016-11-22 07:55:07'),(180,'fatskoln30pd54','000180',2,2,11,11,'OLD','hp mouse','2016-11-22 07:55:56','2016-11-22 07:55:56'),(181,'eb1142011761','000181',2,2,6,15,'OLD','apc 600va','2016-11-22 07:56:35','2016-11-22 07:56:35'),(182,'cnt111472c','000182',2,2,4,4,'OLD','hp 185e','2016-11-22 07:57:32','2016-11-22 07:57:32'),(183,'b21409001369','000183',2,2,6,25,'OLD','apc 2 KV','2016-11-22 07:58:42','2016-11-22 07:58:42'),(184,'ina03604vg','000184',2,2,1,7,'OLD','hp pro 3090 mt','2016-11-22 07:59:46','2016-11-22 07:59:46'),(185,'cn15433425','000185',2,2,12,13,'OLD','hp keyboard',NULL,'2016-11-22 08:04:41'),(186,'cn1543a898','000186',2,2,11,11,'OLD','hp mouse',NULL,'2016-11-23 11:43:34'),(187,'ina01902sc','000187',2,2,1,7,'OLD','hp pro 3090 mt','2016-11-22 08:08:07','2016-11-22 08:08:07'),(188,'cn1543f648','000188',2,2,12,13,'OLD','hp keyboard','2016-11-22 08:08:57','2016-11-22 08:08:57'),(190,'cn15433425m','000189',2,2,11,11,'OLD','hp mouse','2016-11-22 08:12:11','2016-11-22 08:12:11'),(191,'ina130rsdf','000190',2,2,1,7,'OLD','hp pro 3090 mt','2016-11-22 08:13:13','2016-11-22 08:13:13'),(192,'cnt12206md','000191',2,2,4,4,'OLD','hp 185e','2016-11-22 08:14:26','2016-11-22 08:14:26'),(193,'cn14266053','000193',2,2,12,13,'OLD','hp keyboard','2016-11-22 08:18:16','2016-11-22 08:18:16'),(194,'cn14079715','000194',2,2,11,11,'OLD','hp mouse',NULL,'2016-11-22 08:20:05'),(195,'ina136tcr7','000195',2,2,1,8,'OLD','hp elite 7100','2016-11-22 08:21:33','2016-11-22 08:21:33'),(196,'cnt05091w9','000196',2,2,4,4,'OLD','hp 185e','2016-11-22 08:22:28','2016-11-22 08:22:28'),(197,'baujqogcpzkff9','000197',2,2,12,13,'OLD','hp keybaord','2016-11-22 08:23:03','2016-11-22 08:23:03'),(198,'cn14079716','000198',2,2,11,11,'OLD','hp mouse','2016-11-22 08:23:41','2016-11-22 08:23:41'),(199,'vnc3003918','000199',2,2,5,20,'OLD','hp colorlaserjet m251',NULL,'2016-11-23 10:10:39'),(200,'eb1028001591','000200',2,2,6,15,'OLD','apc 600va','2016-11-22 08:25:05','2016-11-22 08:25:05'),(201,'cnt1114729','000201',2,2,4,4,'OLD','hp 185e','2016-11-22 10:46:19','2016-11-22 10:46:19'),(202,'cnfyc13323','000202',2,2,5,24,'OLD','hp laserjet 4015n','2016-11-22 10:47:23','2016-11-22 10:47:23'),(203,'js1052006939','000203',2,2,6,27,'OLD','apc 3 KV','2016-11-22 10:50:11','2016-11-22 10:50:11'),(204,'ina136tcqk','000204',2,2,1,8,'OLD','hp elite 7100','2016-11-22 10:51:37','2016-11-22 10:51:37'),(205,'cnt1144cds','000205',2,2,4,4,'OLD','hp 185e','2016-11-22 10:52:30','2016-11-22 10:52:30'),(206,'bauqomcpib2iz','000206',2,2,12,13,'OLD','hp keyboard','2016-11-22 10:53:25','2016-11-22 10:53:25'),(207,'fatskuln30pbuj','000207',2,2,11,11,'OLD','hp mouse','2016-11-22 10:54:14','2016-11-22 10:54:14'),(208,'eb1138003187','000208',2,2,6,15,'OLD','apc 600va','2016-11-22 10:55:10','2016-11-22 10:55:10'),(209,'ina136tckh','000209',2,2,1,8,'OLD','hp elite 7100','2016-11-22 10:57:07','2016-11-22 10:57:07'),(210,'cnt11141nh','000210',2,2,4,4,'OLD','hp 185e','2016-11-22 10:58:20','2016-11-22 10:58:20'),(211,'eb1138004489','000211',2,2,6,15,'OLD','apc 600va','2016-11-22 10:59:00','2016-11-22 10:59:00'),(212,'cn15431898','000212',2,2,11,11,'OLD','hp mouse','2016-11-22 11:19:22','2016-11-22 11:19:22'),(213,'server','000213',2,2,3,28,'OLD','hp prolaint dl 380 g6',NULL,'2016-11-22 11:26:41'),(214,'cnt11147j1','000214',2,2,4,4,'OLD','hp 185e',NULL,'2016-11-22 11:27:32'),(215,'baujqonkb0mavl','000215',2,2,12,13,'OLD','hp keyboard','2016-11-22 11:28:12','2016-11-22 11:28:12'),(216,'fats0in301bvc','000216',2,2,11,11,'OLD','hp mouse','2016-11-22 11:28:48','2016-11-22 11:28:48'),(217,'eb1138002481','000217',2,2,6,15,'OLD','apc 600va','2016-11-22 11:29:37','2016-11-22 11:29:37'),(218,'ina136tcrb','000218',2,2,1,8,'OLD','hp elite 7100','2016-11-23 05:41:38','2016-11-23 05:41:38'),(220,'cnt111471t','000219',2,2,4,4,'OLD','hp 185e','2016-11-23 05:42:27','2016-11-23 05:42:27'),(221,'baujqomcp1b4zh','000220',2,2,12,13,'OLD','hp keyboard','2016-11-23 05:43:33','2016-11-23 05:43:33'),(222,'fatskoln30a041','000221',2,2,11,11,'OLD','hp mouse','2016-11-23 05:44:05','2016-11-23 05:44:05'),(223,'ma930224549','000222',2,2,6,15,'OLD','apc 600va','2016-11-23 05:44:55','2016-11-23 05:44:55'),(224,'ina136tcpt','000223',2,2,1,8,'OLD','hp elite 7100','2016-11-23 05:46:11','2016-11-23 05:46:11'),(225,'cnt1114727','000224',2,2,4,4,'OLD','hp 185e','2016-11-23 05:46:44','2016-11-23 05:46:44'),(226,'baujqomcp18219','000225',2,2,12,13,'OLD','hp keyboard','2016-11-23 05:47:37','2016-11-23 05:47:37'),(227,'fatskoln30p850','000226',2,2,11,11,'OLD','hp mouse','2016-11-23 05:48:28','2016-11-23 05:48:28'),(228,'eb1138004566','000227',2,2,6,15,'OLD','apc 600va','2016-11-23 05:49:14','2016-11-23 05:49:14'),(229,'rohit001','000228',2,2,1,7,'OLD','hp pro 3090 mt','2016-11-23 05:49:55','2016-11-23 05:49:55'),(230,'rohit 002','000229',2,2,4,4,'OLD','hp 185e','2016-11-23 05:50:22','2016-11-23 05:50:22'),(236,'INA324RWHR','000231',3,3,1,7,'OLD',' Hp 3330 mt','2016-11-23 07:00:03','2016-11-23 07:00:03'),(237,'6cm2460dwd','000232',3,3,4,4,'OLD','hp lv1911','2016-11-23 07:01:31','2016-11-23 07:01:31'),(238,'bdampo60p4b043','000233',3,3,12,13,'OLD','hp keyboard','2016-11-23 07:02:22','2016-11-23 07:02:22'),(239,'fcglfodjp4cmop','000234',3,3,11,11,'OLD','hp mouse','2016-11-23 07:02:56','2016-11-23 07:02:56'),(240,'e21311002590','000235',3,3,6,15,'OLD','apc 600va','2016-11-23 07:03:32','2016-11-23 07:03:32'),(241,'ina324rwh3','000236',3,3,1,7,'OLD','hp 3330 mt','2016-11-23 07:05:20','2016-11-23 07:05:20'),(242,'6cm30803v9','000237',3,3,4,4,'OLD','hp lv1911','2016-11-23 07:05:55','2016-11-23 07:05:55'),(243,'fcglfodjp4cmox','000238',3,3,11,11,'OLD','hp mouse','2016-11-23 07:07:07','2016-11-23 07:07:07'),(244,'e21307000088','000239',3,3,6,15,'OLD','apc 600va','2016-11-23 07:07:58','2016-11-23 07:07:58'),(245,'ina324rwhg','000240',3,3,1,7,'OLD','hp 3330 mt','2016-11-23 07:08:53','2016-11-23 07:08:53'),(246,'6cm30803g9','000241',3,3,4,4,'OLD','hp lv1911','2016-11-23 07:09:48','2016-11-23 07:09:48'),(247,'bdampobop461lh','000242',3,3,12,13,'OLD','hp keyboard','2016-11-23 07:10:36','2016-11-23 07:10:36'),(248,'cn0889vj012','000243',3,3,5,18,'OLD','hp laserjet 1136','2016-11-23 07:11:32','2016-11-23 07:11:32'),(249,'e21308006863','000244',3,3,6,15,'OLD','APC 600VA','2016-11-23 07:12:25','2016-11-23 07:12:25'),(250,'ina502zlqb','000250',3,3,1,9,'OLD','hp 280 g1',NULL,'2016-11-23 09:59:01'),(251,'6cm4410fpd','000246',3,3,4,4,'OLD','hp lv1911','2016-11-23 07:13:56','2016-11-23 07:13:56'),(252,'bdmjpocvb7b88r','000247',3,3,12,13,'OLD','hp keyboard','2016-11-23 07:14:37','2016-11-23 07:14:37'),(253,'fcmhhoa9w71crl','000248',3,3,11,11,'OLD','hp mouse','2016-11-23 07:15:16','2016-11-23 07:15:16'),(254,'vnc3j22542','000254',3,3,5,29,'OLD','hp laserjet 202 dw','2016-11-23 07:18:03','2016-11-23 07:18:03'),(255,'e21441013752','000255',3,3,6,15,'OLD','apc 600va','2016-11-23 07:18:38','2016-11-23 07:18:38'),(256,'vnc3j21714','000256',3,3,5,29,'OLD','hp laserjet 202 dw','2016-11-23 07:19:49','2016-11-23 07:19:49'),(257,'cnt111472j','000257',2,2,4,4,'OLD','hp 185e','2016-11-23 07:54:34','2016-11-23 07:54:34'),(258,'baujqomcp1b1ph','000258',2,2,12,13,'OLD','hp keyboard','2016-11-23 07:55:10','2016-11-23 07:55:10'),(259,'eb1138002422','000259',2,2,6,15,'OLD','apc 600va','2016-11-23 07:55:51','2016-11-23 07:55:51'),(260,'ina136tcmr','000260',2,2,1,8,'OLD','hp elite 7100','2016-11-23 08:12:15','2016-11-23 08:12:15'),(261,'cnt1144cdy','000261',2,2,4,4,'OLD','hp 185e','2016-11-23 08:12:51','2016-11-23 08:12:51'),(262,'baujqomcp1b2cn','000262',2,2,12,13,'OLD','hp keyboard','2016-11-23 08:13:24','2016-11-23 08:13:24'),(263,'eb1038003868','000263',2,2,6,15,'OLD','apc 600va','2016-11-23 08:13:58','2016-11-23 08:13:58'),(264,'inaruby01','000264',4,1,1,7,'OLD','hp 3090','2016-11-25 06:49:41','2016-11-25 06:49:41'),(265,'cnd71348h2','000265',4,1,4,23,'OLD','hp 1706',NULL,'2016-11-25 07:01:00'),(266,'cn1520f297','000266',4,1,12,13,'OLD','hp keyboard',NULL,'2016-11-25 07:21:00'),(267,'cn15390069','000267',4,1,11,11,'OLD','hp mouse',NULL,'2016-11-25 07:21:36'),(268,'cnc2112187','000268',4,1,5,10,'OLD','hp laserjet 1020 plus','2016-11-25 07:06:55','2016-11-25 07:06:55'),(269,'e6bk69866','000269',4,1,6,15,'OLD','elnova 650 ups',NULL,'2016-11-25 07:12:06'),(270,'incc01','000270',4,1,1,7,'OLD','hp 3090','2016-11-25 07:17:34','2016-11-25 07:17:34'),(271,'cnc004pk9t','000271',4,1,4,23,'OLD','hp le17','2016-11-25 07:18:55','2016-11-25 07:18:55'),(272,'cn11360435','000272',4,1,12,13,'OLD','hp keyboard','2016-11-25 07:20:29','2016-11-25 07:20:29'),(273,'cn15434904','000273',4,1,11,11,'OLD','hp Mouse','2016-11-25 07:23:10','2016-11-25 07:23:10'),(274,'e10bk58277','000274',4,1,6,16,'OLD','Elnova 1kv','2016-11-25 07:24:27','2016-11-25 07:24:27'),(275,'ina226wzyb','000275',4,1,1,7,'OLD','Hp 3090','2016-11-25 07:26:40','2016-11-25 07:26:40'),(276,'6cm20508w3','000276',4,1,4,4,'OLD','HP lv1911','2016-11-25 07:27:26','2016-11-25 07:27:26'),(277,'cn15431785','000277',4,1,12,13,'OLD','hp Keyboard','2016-11-25 07:28:13','2016-11-25 07:28:13'),(278,'cn15431786','000278',4,1,11,11,'OLD','Hp mouse','2016-11-25 07:29:11','2016-11-25 07:29:11'),(279,'cnf8g9r7hj','000279',4,1,5,18,'OLD','Hp laserjet 425dw','2016-11-25 07:30:41','2016-11-25 07:30:41'),(280,'t65871184','000280',4,1,6,15,'OLD','elnova 650va','2016-11-25 07:31:22','2016-11-25 07:31:22'),(281,'ina128rt11','000281',4,1,1,7,'OLD','hp 3090','2016-11-25 07:33:22','2016-11-25 07:33:22'),(282,'cnt0285gd5','000282',4,1,4,4,'OLD','Hp v185e','2016-11-25 07:34:04','2016-11-25 07:34:04'),(283,'cn15431783','000283',4,1,12,13,'OLD','Hp Keyboard','2016-11-25 07:34:42','2016-11-25 07:34:42'),(284,'cn15431784','000284',4,1,11,11,'OLD','Hp Mouse','2016-11-25 07:35:17','2016-11-25 07:35:17'),(285,'nb0803017415','000285',4,1,6,16,'OLD','Apc 1100va','2016-11-25 07:36:00','2016-11-25 07:36:00'),(286,'3cr0120m2l','000286',4,1,1,30,'OLD','Hp Touch Smart 600','2016-11-25 07:41:11','2016-11-25 07:41:11'),(287,'bcyuhoacp7knl6','000287',4,1,12,13,'OLD','Hp keyboard','2016-11-25 07:42:06','2016-11-25 07:42:06'),(288,'cn14261615','000288',4,1,11,11,'NEW','Hp Mouse','2016-11-25 07:43:05','2016-11-25 07:43:05'),(289,'e21340002759','000289',4,1,6,15,'OLD','APC 600va','2016-11-25 07:43:51','2016-11-25 07:43:51'),(290,'ina310y8q2','000290',4,1,1,7,'OLD','Hp 3330','2016-11-25 07:45:10','2016-11-25 07:45:10'),(291,'cnt1114142','000291',4,1,4,4,'OLD','Hp v185e','2016-11-25 07:45:46','2016-11-25 07:45:46'),(292,'cn14261619','000292',4,1,12,13,'OLD','Hp Keyboard','2016-11-25 07:47:04','2016-11-25 07:47:04'),(293,'cn15431781','000293',4,1,11,11,'OLD','Hp mouse','2016-11-25 07:48:11','2016-11-25 07:48:11'),(294,'cng7h5s15y','000294',4,1,5,19,'OLD','Hp Color laserjet M176n','2016-11-25 07:50:00','2016-11-25 07:50:00'),(295,'e21437001241','000295',4,1,6,15,'OLD','APC 600va','2016-11-25 07:50:41','2016-11-25 07:50:41'),(297,'cnn524311z','000296',4,1,4,3,'OLD','HP 515','2016-11-28 05:12:56','2016-11-28 05:12:56'),(298,'bdmjpod5y234ya','000298',4,1,12,13,'OLD','hp keyboard','2016-11-28 05:14:34','2016-11-28 05:14:34'),(299,'cn15433422','000299',4,1,11,11,'OLD','hp mouse','2016-11-28 05:15:06','2016-11-28 05:15:06'),(300,'t65871178','000300',4,1,6,15,'OLD','elnova 650 ups','2016-11-28 05:16:07','2016-11-28 05:16:07'),(301,'ina130rrz6','000301',4,1,1,7,'OLD','hp pro 3090 mt','2016-11-28 05:17:05','2016-11-28 05:17:05'),(302,'6nc728nr53','000302',4,1,4,3,'OLD','hp l1506','2016-11-28 05:17:55','2016-11-28 05:17:55'),(303,'1108003249','000303',4,1,11,11,'OLD','hp mouse','2016-11-28 05:18:37','2016-11-28 05:18:37'),(304,'eb1235007411','000304',4,1,6,16,'OLD','apc 1 kv','2016-11-28 05:19:28','2016-11-28 05:19:28'),(305,'ina0160cpm','000305',4,1,1,7,'OLD','hp pro 3090 mt','2016-11-28 05:20:22','2016-11-28 05:20:22'),(306,'cnn52430f8','000306',4,1,4,3,'OLD','hp 515','2016-11-28 05:21:12','2016-11-28 05:21:12'),(307,'cn1543g163','000307',4,1,11,11,'OLD','hp mouse','2016-11-28 05:21:54','2016-11-28 05:21:54'),(308,'t65871173','000308',4,3,6,15,'OLD','elnova 650','2016-11-28 05:22:38','2016-11-28 05:22:38'),(309,'sgh407tbwf','000309',4,1,1,7,'OLD','hp pro 3330 mt','2016-11-28 05:24:01','2016-11-28 05:24:01'),(310,'cnt1114dty','000310',4,1,4,4,'OLD','hp v185e','2016-11-28 05:24:55','2016-11-28 05:24:55'),(311,'bdameobcp55ka5d','000311',4,1,12,13,'OLD','hp keyboard','2016-11-28 05:25:56','2016-11-28 05:25:56'),(312,'fcyrvobr28g1ph','000312',4,1,11,11,'OLD','hp mouse','2016-11-28 05:28:27','2016-11-28 05:28:27'),(313,'cnd8f5g73c','000313',4,1,5,19,'OLD','hp color laserjet m175n','2016-11-28 05:29:33','2016-11-28 05:29:33'),(314,'e15bk57403','000314',4,1,6,16,'OLD','elnova 1 kv','2016-11-28 05:30:46','2016-11-28 05:30:46'),(315,'ina502zlrw','000315',5,4,1,9,'OLD','Hp 280','2016-12-01 06:18:39','2016-12-01 06:18:39'),(316,'6cm41943kh','000316',5,4,4,4,'OLD','hp lv1911','2016-12-01 06:19:21','2016-12-01 06:19:21'),(317,'bcyuhoahhsu40x','000317',5,4,12,13,'OLD','hp keyboard','2016-12-01 06:20:18','2016-12-01 06:20:18'),(318,'fcmhhoa9w71bum','000318',5,4,11,11,'OLD','hp mouse','2016-12-01 06:21:10','2016-12-01 06:21:10'),(319,'cnc4562599','000319',5,4,5,10,'OLD','hp laserjet 1020 plus','2016-12-01 06:22:01','2016-12-01 06:22:01'),(320,'e21449003303','000320',5,4,6,15,'OLD','apc 600va','2016-12-01 06:22:50','2016-12-01 06:22:50'),(321,'ina502zlrx','000321',5,4,1,9,'OLD','hp 280','2016-12-01 06:47:26','2016-12-01 06:47:26'),(322,'6cm4410f1f','000322',5,4,4,4,'OLD','hp lv1911','2016-12-01 06:48:07','2016-12-01 06:48:07'),(323,'cn19521070','000323',5,4,12,13,'OLD','hp keyboard','2016-12-01 06:48:40','2016-12-01 06:48:40'),(324,'cn14079686','000324',5,4,11,11,'OLD','hp mouse','2016-12-01 06:49:12','2016-12-01 06:49:12'),(325,'vnf3m02855','000325',5,4,5,10,'OLD','hp laserjet 1566','2016-12-01 06:49:50','2016-12-01 06:49:50'),(326,'t62071015553','000326',5,4,6,15,'OLD','elnova 600va','2016-12-01 06:50:23','2016-12-01 06:50:23'),(327,'ina502zlvp','000327',5,4,1,9,'OLD','hp 280','2016-12-01 06:51:30','2016-12-01 06:51:30'),(328,'6cm4081m6l','000328',5,4,4,4,'OLD','hp lv1911','2016-12-01 06:52:11','2016-12-01 06:52:11'),(329,'cn11360810','000329',5,4,12,13,'OLD','hp keyboard','2016-12-01 06:52:47','2016-12-01 06:52:47'),(330,'1212002433','000330',5,4,11,11,'OLD','hp mouse','2016-12-01 06:53:14','2016-12-01 06:53:14'),(331,'cnc2112196','000331',5,4,5,10,'OLD','hp laserjet 1020 plus','2016-12-01 06:54:06','2016-12-01 06:54:06'),(332,'e21343000660','000332',5,4,6,15,'OLD','apc 600va','2016-12-01 06:55:13','2016-12-01 06:55:13'),(333,'ina324rsyv','000333',5,4,1,7,'OLD','hp 3330 mt','2016-12-01 06:56:43','2016-12-01 06:56:43'),(334,'6cm3172hy3','000334',5,4,4,4,'OLD','hp lv1911','2016-12-01 06:57:41','2016-12-01 06:57:41'),(335,'boampobop4b35h','000335',5,4,12,13,'OLD','hp keyboard','2016-12-01 06:58:31','2016-12-01 06:58:31'),(336,'fatskokdrz65yo','000336',5,4,11,11,'OLD','hp mouse','2016-12-01 06:59:16','2016-12-01 06:59:16'),(337,'cnc1j02133','000337',5,4,5,17,'OLD','hp laserjet 2015','2016-12-01 07:00:07','2016-12-01 07:00:07'),(338,'t6408071107','000338',5,4,6,15,'OLD','elnova 600va','2016-12-01 07:00:57','2016-12-01 07:00:57'),(339,'mde800ayv10','000339',5,4,6,15,'OLD','microtek 600va','2016-12-01 07:02:40','2016-12-01 07:02:40'),(340,'ina82oob6x','000340',5,4,1,6,'OLD','hp 2480','2016-12-01 07:03:25','2016-12-01 07:03:25'),(341,'cnc720nyxn','000341',5,4,4,3,'OLD','hp l1506','2016-12-01 07:04:19','2016-12-01 07:04:19'),(342,'baujq01vbzj81g','000342',5,4,12,13,'OLD','hp keyboard','2016-12-01 07:05:11','2016-12-01 07:05:11'),(343,'1108003245','000343',5,4,11,11,'OLD','hp mouse','2016-12-01 07:05:51','2016-12-01 07:05:51'),(344,'g00164398','000344',5,4,6,15,'OLD','nexus 600va','2016-12-01 07:06:20','2016-12-01 07:06:20'),(345,'ina92604n7','000345',5,4,1,6,'OLD','hp 2480','2016-12-01 07:07:01','2016-12-01 07:07:01'),(346,'cnc728n5kf','000346',5,4,4,3,'OLD','hp l1506','2016-12-01 07:07:31','2016-12-01 07:07:31'),(347,'cn12504523','000347',5,4,12,13,'OLD','hp keyboard','2016-12-01 07:07:59','2016-12-01 07:07:59'),(348,'cn12504523m','000348',5,4,11,11,'OLD','hp mouse','2016-12-01 07:08:30','2016-12-01 07:08:30'),(349,'cnh7dbyj41','000349',5,4,5,18,'OLD','hp laserjet 1136','2016-12-01 07:09:11','2016-12-01 07:09:11'),(350,'t64080927348','000350',5,4,6,15,'OLD','elnova 600va','2016-12-01 07:09:52','2016-12-01 07:09:52'),(351,'6a16s2a','000351',6,5,10,37,'NEW','hp toner 81A','2016-12-01 08:39:03','2016-12-01 08:39:03'),(352,'6f14m3ca','000352',4,1,10,33,'NEW','hp toner 88A','2016-12-01 08:55:51','2016-12-01 08:55:51'),(353,'ina447wc77','000353',6,5,1,9,'OLD','hp 202 gt','2016-12-01 09:52:06','2016-12-01 09:52:06'),(354,'6cm3051gps','000354',6,5,4,4,'OLD','hp lv1911','2016-12-01 09:53:10','2016-12-01 09:53:10'),(355,'6cyuhacp7gsey','000355',6,5,12,13,'OLD','hp keyboard','2016-12-01 09:53:50','2016-12-01 09:53:50'),(356,'fcyrvoaho7ixyw','000356',6,5,11,11,'OLD','hp mouse','2016-12-01 09:54:36','2016-12-01 09:54:36'),(357,'vnh4y11532','000357',6,5,5,24,'OLD','hp laserjet m401d','2016-12-01 09:55:28','2016-12-01 09:55:28'),(358,'e21436036310','000358',6,5,6,15,'OLD','apc 600va','2016-12-01 09:56:13','2016-12-01 09:56:13'),(359,'ina442tjkg','000359',6,5,1,9,'OLD','hp 202 g2','2016-12-01 09:57:59','2016-12-01 09:57:59'),(360,'3cq5040b4h','000360',6,5,4,4,'OLD','hp lv193','2016-12-01 09:59:39','2016-12-01 09:59:39'),(361,'bdampobdp4b2ez','000361',6,5,12,13,'OLD','hp keyboard','2016-12-01 10:00:24','2016-12-01 10:00:24'),(362,'fcyrvoahd7ixxp','000362',6,5,11,11,'OLD','hp mouse','2016-12-01 10:01:47','2016-12-01 10:01:47'),(363,'vnf3d09254','000363',6,5,5,10,'OLD','hp laserjet 1566','2016-12-01 10:02:53','2016-12-01 10:02:53'),(364,'t53050866848','000364',6,5,6,15,'OLD','elnova 600va','2016-12-01 10:03:43','2016-12-01 10:03:43'),(365,'cnbyh601x7','000365',6,5,5,24,'OLD','hp laserjet 604','2016-12-01 10:04:42','2016-12-01 10:04:42'),(366,'ina447wc97','000366',6,5,1,9,'OLD','hp 202 g2','2016-12-01 10:06:13','2016-12-01 10:06:13'),(367,'6cmp4033n4g','000367',6,5,4,4,'OLD','hp lv1911','2016-12-01 10:07:12','2016-12-01 10:07:12'),(368,'cn11290507','000368',6,5,12,13,'OLD','hp keyboard','2016-12-01 10:08:09','2016-12-01 10:08:09'),(369,'fcyrvoahd7ixyr','000369',6,5,11,11,'OLD','hp mouse','2016-12-01 10:09:01','2016-12-01 10:09:01'),(370,'cn2112186','000370',6,5,5,10,'OLD','hp laserjet 1020 plus','2016-12-01 10:10:11','2016-12-01 10:10:11'),(371,'e21450001914','000371',6,5,6,15,'OLD','apc 600va','2016-12-01 10:10:51','2016-12-01 10:10:51'),(372,'ina324rwhb','000372',6,5,1,7,'OLD','hp 3330','2016-12-01 10:12:30','2016-12-01 10:12:30'),(373,'6cm3362rdc','000373',6,5,4,4,'OLD','hp lv1911','2016-12-01 10:15:39','2016-12-01 10:15:39'),(374,'cn1543e869','000374',6,5,12,13,'OLD','hp keyboard','2016-12-01 10:16:30','2016-12-01 10:16:30'),(375,'fcyrvoahd7fadd','000375',6,5,11,11,'OLD','hp mouse','2016-12-01 10:18:18','2016-12-01 10:18:18'),(376,'vnc3023026','000376',6,5,5,10,'OLD','hp laserjet 1606dn','2016-12-01 10:19:58','2016-12-01 10:19:58'),(377,'e21448014018','000377',6,5,6,15,'NEW','apc 600va','2016-12-01 10:21:14','2016-12-01 10:21:14'),(378,'ina442tjsv','000378',6,5,1,9,'OLD','hp 202g2','2016-12-01 10:22:23','2016-12-01 10:22:23'),(379,'cnc627qgv9','000379',6,5,4,3,'OLD','hp l1506','2016-12-01 10:23:41','2016-12-01 10:23:41'),(380,'bcyuhoahh7d8zg','000380',6,5,12,13,'OLD','hp keyboard','2016-12-01 10:25:00','2016-12-01 10:25:00'),(381,'cn15524292','000381',6,5,11,11,'OLD','hp mouse','2016-12-01 10:25:29','2016-12-01 10:25:29'),(382,'vnc3d23060','000382',6,5,5,10,'OLD','hp laserjet 1606dn','2016-12-01 10:26:03','2016-12-01 10:26:03'),(383,'6aulex52144','000383',6,5,6,15,'OLD','microtek 600va','2016-12-01 10:27:06','2016-12-01 10:27:06'),(384,'ina310y86g','000384',6,5,1,7,'OLD','hp 3330','2016-12-01 10:27:40','2016-12-01 10:27:40'),(385,'6cm4194344','000385',6,5,4,4,'OLD','hp lv1911','2016-12-01 10:28:24','2016-12-01 10:28:24'),(386,'bcyuhoahh7db91','000386',6,5,12,13,'OLD','hp keyboard','2016-12-01 10:28:58','2016-12-01 10:28:58'),(387,'fcyruoahd7far','000387',6,5,11,11,'OLD','hp mouse','2016-12-01 10:29:30','2016-12-01 10:29:30'),(388,'vnh4y04156','000388',6,5,5,24,'OLD','hp laserjet 401','2016-12-01 10:30:11','2016-12-01 10:30:11'),(389,'e21437002566','000389',6,5,6,15,'OLD','apc 600va','2016-12-01 10:30:53','2016-12-01 10:30:53'),(390,'ina447wc76','000390',6,5,1,9,'OLD','hp 202 g2','2016-12-01 10:31:37','2016-12-01 10:31:37'),(391,'6cm4033mjfbcy','000391',6,5,4,4,'OLD','hp lv1911','2016-12-01 10:32:18','2016-12-01 10:32:18'),(392,'bcyuhoacp7gsef','000392',6,5,12,13,'OLD','hp keyboard','2016-12-01 10:33:48','2016-12-01 10:33:48'),(393,'cn15431533','000393',6,5,11,11,'OLD','hp mouse','2016-12-01 10:34:25','2016-12-01 10:34:25'),(394,'vnh4y04344','000394',6,5,5,24,'OLD','hp laserjet 401',NULL,'2016-12-01 11:58:08'),(395,'e21435024208','000395',6,5,6,15,'OLD','apc 600va','2016-12-01 10:36:27','2016-12-01 10:36:27'),(396,'ina447wc95','000396',6,5,1,9,'OLD','hp 202','2016-12-01 10:38:04','2016-12-01 10:38:04'),(397,'6cm4350nhd','000397',6,5,4,4,'OLD','hp lv1911','2016-12-01 10:38:48','2016-12-01 10:38:48'),(398,'bcyuhdahh7d90b','000398',6,5,12,13,'OLD','hp keyboard','2016-12-01 10:39:40','2016-12-01 10:39:40'),(399,'cyrvoh9w5t964','000399',6,5,11,11,'OLD','hp mouse','2016-12-01 10:40:13','2016-12-01 10:40:13'),(400,'cndxj480yp','000400',6,5,5,24,'OLD','hp laserjet m604','2016-12-01 10:41:04','2016-12-01 10:41:04'),(401,'e21442027813','000401',6,5,6,15,'OLD','apc 600va','2016-12-01 10:41:47','2016-12-01 10:41:47'),(402,'vnc4401341','000402',6,5,5,24,'OLD','hp laserjet 401','2016-12-01 10:43:30','2016-12-01 10:43:30'),(403,'ina442tjhs','000403',6,5,1,9,'OLD','hp  202','2016-12-01 10:53:22','2016-12-01 10:53:22'),(404,'6cm22011wq','000404',6,5,4,4,'OLD','hp lv1911','2016-12-01 10:54:07','2016-12-01 10:54:07'),(405,'cn14391838','000405',6,5,12,13,'OLD','hp keyboard','2016-12-01 10:55:11','2016-12-01 10:55:11'),(406,'1308008139','000406',6,5,11,11,'OLD','hp mouse','2016-12-01 10:56:16','2016-12-01 10:56:16'),(407,'cnj8fcx9cb','000407',6,5,5,18,'OLD','hp laserjet 1213','2016-12-01 10:57:21','2016-12-01 10:57:21'),(408,'e21512001432','000408',6,5,6,15,'OLD','apc 600va','2016-12-01 10:58:12','2016-12-01 10:58:12'),(409,'6b16m2da','000409',4,1,10,32,'NEW','hp toner 78A','2016-12-02 06:07:24','2016-12-02 06:07:24'),(410,'5h20m2da','000410',4,1,10,32,'NEW','hp toner 78a','2016-12-02 06:51:29','2016-12-02 06:51:29'),(411,'5c03m3da','000411',1,1,10,32,'NEW','hp toner 78A','2016-12-02 06:52:08','2016-12-02 06:52:08'),(412,'5g20m2da','000412',1,1,10,32,'NEW','hp toner 78A','2016-12-02 06:52:47','2016-12-02 06:52:47'),(413,'5a26z1a','000413',1,1,10,31,'NEW','hp toner 12A','2016-12-02 06:53:35','2016-12-02 06:53:35'),(414,'ina121znq5','000414',9,8,1,7,'OLD','hp 3090','2016-12-02 07:28:10','2016-12-02 07:28:10'),(415,'3cq820209d','000415',9,8,4,4,'OLD','hp w1907','2016-12-02 07:29:27','2016-12-02 07:29:27'),(416,'cn1439c334','000416',9,8,12,13,'OLD','hp keyboard','2016-12-02 07:29:58','2016-12-02 07:29:58'),(417,'cn13170449','000417',9,8,11,11,'OLD','hp mouse','2016-12-02 07:30:26','2016-12-02 07:30:26'),(418,'cnc9ccqv14','000418',9,8,5,19,'OLD','hp color laserjet m175','2016-12-02 07:31:13','2016-12-02 07:31:13'),(419,'t62071015524','000419',9,8,6,15,'OLD','elnova 600va','2016-12-02 07:32:10','2016-12-02 07:32:10'),(420,'cnb7g3c08y','000420',9,8,5,18,'OLD','hp laserjet m126nw','2016-12-02 07:32:59','2016-12-02 07:32:59'),(421,'inaxxx','000421',9,8,1,7,'OLD','hp 3090','2016-12-02 07:33:41','2016-12-02 07:33:41'),(422,'6cm3362pdt','000422',9,8,4,4,'OLD','hp lv1911','2016-12-02 07:34:15','2016-12-02 07:34:15'),(423,'cn14266051','000423',9,8,12,13,'OLD','hp keyboard','2016-12-02 07:34:44','2016-12-02 07:34:44'),(424,'cn14079719','000424',9,8,11,11,'OLD','hp mouse','2016-12-02 07:35:09','2016-12-02 07:35:09'),(425,'vnc3900799','000425',9,8,5,10,'OLD','hp lasejet p1505','2016-12-02 07:35:43','2016-12-02 07:35:43'),(426,'t6207xxx','000426',9,8,6,15,'OLD','elnova 600va','2016-12-02 07:36:17','2016-12-02 07:36:17'),(427,'cb436a','000427',4,1,10,34,'NEW','hp toner 36 a','2016-12-02 08:34:44','2016-12-02 08:34:44'),(428,'ina442tkjn','000428',12,11,1,9,'OLD','hp 202','2016-12-02 08:52:38','2016-12-02 08:52:38'),(429,'6cm220125s','000429',12,11,4,4,'OLD','hp lv1911','2016-12-02 08:53:16','2016-12-02 08:53:16'),(430,'baujqomcp1egwn','000430',12,11,12,13,'OLD','hp keyboard','2016-12-02 08:54:18','2016-12-02 08:54:18'),(431,'cn14261612','000431',12,11,11,11,'OLD','hp mouse','2016-12-02 08:54:54','2016-12-02 08:54:54'),(432,'vnf3d17340','000432',12,11,5,10,'OLD','hp laserjet 1566','2016-12-02 08:55:46','2016-12-02 08:55:46'),(433,'6aulex52127','000433',12,11,6,15,'OLD','microtek 600va','2016-12-02 08:56:51','2016-12-02 08:56:51'),(434,'ina107v3fz','000434',12,11,1,7,'OLD','hp 3090','2016-12-02 09:03:40','2016-12-02 09:03:40'),(435,'cnt1114465','000435',12,11,4,4,'OLD','hp v185e','2016-12-02 09:04:20','2016-12-02 09:04:20'),(436,'baujqoivbz567a','000436',12,11,12,13,'OLD','hp keyboard','2016-12-02 09:04:59','2016-12-02 09:04:59'),(437,'cn11363281','000437',12,11,11,11,'OLD','hp mouse','2016-12-02 09:05:35','2016-12-02 09:05:35'),(438,'vnf3m083335','000438',12,11,5,10,'OLD','hp laserjet 1566','2016-12-02 09:06:20','2016-12-02 09:06:20'),(439,'eb1148005627','000439',12,11,6,15,'OLD','apc 600va','2016-12-02 09:07:00','2016-12-02 09:07:00'),(440,'ina204zgps','000440',12,11,1,7,'OLD','hp 3090','2016-12-02 09:09:00','2016-12-02 09:09:00'),(441,'cnt147b39k','000441',12,11,4,4,'OLD','hp le1902x','2016-12-02 09:09:44','2016-12-02 09:09:44'),(442,'b94350acptkf2x','000442',12,11,12,13,'OLD','hp keyboard','2016-12-02 09:10:32','2016-12-02 09:10:32'),(446,'cn1543e869x','000443',12,11,11,11,'OLD','hp mouse','2016-12-02 09:14:15','2016-12-02 09:14:15'),(447,'vnf3q02260','000444',12,11,5,10,'OLD','hp lasejet 1566','2016-12-02 09:14:56','2016-12-02 09:14:56'),(448,'eq1212000828','000445',12,11,6,15,'OLD','apc600va','2016-12-02 09:15:38','2016-12-02 09:15:38'),(449,'ina204zglx','000446',12,11,1,7,'OLD','hp 3090','2016-12-02 09:16:56','2016-12-02 09:16:56'),(450,'cnc0128dnhc','000447',12,11,4,3,'OLD','hp lv1561w','2016-12-02 09:19:56','2016-12-02 09:19:56'),(451,'cn1543e870','000448',12,11,12,13,'OLD','hp keyboatrd','2016-12-02 09:20:49','2016-12-02 09:20:49'),(452,'1308009788','000449',12,11,11,11,'OLD','hp mouse','2016-12-02 09:21:30','2016-12-02 09:21:30'),(453,'cnbj6250cs','000450',12,11,5,10,'OLD','hp laserjet 1022','2016-12-02 09:22:01','2016-12-02 09:22:01'),(454,'eb1108002628','000451',12,11,6,15,'OLD','apc 600va','2016-12-02 09:22:32','2016-12-02 09:22:32'),(455,'ina502zlwl','000452',12,11,1,9,'OLD','hp 280','2016-12-02 09:23:48','2016-12-02 09:23:48'),(456,'3cq5040b3n','000453',12,11,4,4,'OLD','hp v193','2016-12-02 09:24:21','2016-12-02 09:24:21'),(457,'cn13172582','000454',12,11,12,13,'OLD','hp keyboard','2016-12-02 09:24:52','2016-12-02 09:24:52'),(458,'fatsqoc8fyjkql','000455',12,11,11,11,'OLD','hp mouse','2016-12-02 09:25:30','2016-12-02 09:25:30'),(459,'vnc3p14492','000456',12,11,5,10,'OLD','hp 1606dn','2016-12-02 09:26:02','2016-12-02 09:26:02'),(460,'t61070228985','000457',12,11,6,15,'OLD','elnova 600va','2016-12-02 09:26:38','2016-12-02 09:26:38'),(461,'ina120zk4w','000458',12,11,1,7,'OLD','hp 3090','2016-12-02 09:27:46','2016-12-02 09:27:46'),(462,'cnt1114dts','000459',12,11,4,4,'OLD','hp v185e','2016-12-02 09:28:15','2016-12-02 09:28:15'),(463,'cn14072417','000460',12,11,12,13,'OLD','hp keyboard','2016-12-02 09:28:42','2016-12-02 09:28:42'),(464,'121212002434','000461',12,11,11,11,'OLD','hp mouse','2016-12-02 09:29:19','2016-12-02 09:29:19'),(465,'cnb6gbymh4','000462',12,11,5,18,'OLD','hp laserjet m126','2016-12-02 09:29:59','2016-12-02 09:29:59'),(466,'xxx','000463',12,11,6,15,'OLD','microtek 600va','2016-12-02 09:30:32','2016-12-02 09:30:32'),(467,'ina331tr09','000464',12,11,1,7,'OLD','hp 3330','2016-12-02 09:31:38','2016-12-02 09:31:38'),(468,'6cm32922ql','000465',12,11,4,4,'OLD','hp lv1911','2016-12-02 09:32:21','2016-12-02 09:32:21'),(469,'bdamp0nsy5u4fu','000466',12,11,12,13,'OLD','hp keybaord','2016-12-02 09:33:03','2016-12-02 09:33:03'),(470,'cn15422119','000467',12,11,11,11,'OLD','hp mouse','2016-12-02 09:33:34','2016-12-02 09:33:34'),(471,'cng7c97lnb','000468',12,11,5,18,'OLD','hp laserjet 1136','2016-12-02 09:34:18','2016-12-02 09:34:18'),(472,'b2ch33011361','000469',12,11,6,15,'OLD','hundai 600va','2016-12-02 09:34:47','2016-12-02 09:34:47'),(473,'ina502zlqk','000473',12,11,1,9,'NEW','hp 280','2016-12-02 09:50:57','2016-12-02 09:50:57'),(474,'6cm439064g','000474',12,11,4,4,'OLD','hp lv1911','2016-12-02 09:51:31','2016-12-02 09:51:31'),(475,'bdampobstsuymi','000475',12,11,12,13,'OLD','hp keybaord','2016-12-02 09:52:03','2016-12-02 09:52:03'),(476,'fcglf05dsx5h2','000476',12,11,11,11,'OLD','hp mouse','2016-12-02 09:52:44','2016-12-02 09:52:44'),(477,'eb1441011392','000477',12,11,6,15,'OLD','apc 600va','2016-12-02 09:53:20','2016-12-02 09:53:20'),(478,'6f28c2114','000478',4,1,10,33,'NEW','hp toner 88a',NULL,'2016-12-05 07:50:35'),(479,'cn15524291','000479',4,1,11,11,'NEW','hp mouse','2016-12-05 07:45:28','2016-12-05 07:45:28'),(482,'16f28c2109-s4','000480',4,1,10,33,'NEW','hp toner 88a ','2016-12-05 07:50:00','2016-12-05 07:50:00'),(483,'8901124025837','000483',4,1,8,49,'NEW','writex dvd box 50 dvd','2016-12-05 07:58:48','2016-12-05 07:58:48'),(484,'619659000424','000484',4,1,8,44,'NEW','hp pendrive 8 gb','2016-12-05 08:17:26','2016-12-05 08:17:26'),(485,'cn15421908','000485',4,1,11,11,'NEW','hp mouse','2016-12-05 08:26:46','2016-12-05 08:26:46'),(487,'619659000424-1','000487',4,1,8,44,'NEW','sandisk pendrive 8gb',NULL,'2016-12-05 09:01:53'),(488,'6c13co856','000488',4,1,10,33,'NEW','hp toner 88a Replace','2016-12-05 08:59:30','2016-12-05 08:59:30'),(489,'619659000424-2','000489',4,1,8,44,'NEW','san disk pendrive 8gb',NULL,'2016-12-05 09:04:44'),(490,'mc15309a22d','000490',4,1,10,31,'NEW','for toner replace','2016-12-05 09:24:17','2016-12-05 09:24:17'),(491,'cn15524288','000491',4,1,11,11,'NEW','hp mouse','2016-12-05 09:31:54','2016-12-05 09:31:54'),(492,'619659000424-3','000492',4,1,8,44,'NEW','8 gb pendrive',NULL,'2016-12-05 09:43:06'),(493,'619659000424-4','000493',4,1,8,44,'NEW','8 gb pendrive','2016-12-05 09:43:52','2016-12-05 09:43:52'),(494,'619659000424-5','000494',4,1,8,44,'NEW','8 gb pendrive','2016-12-05 09:44:16','2016-12-05 09:44:16'),(495,'619659000424-6','000495',4,1,8,44,'NEW','8 gb pendrive','2016-12-05 09:44:40','2016-12-05 09:44:40'),(496,'619659000424-7','000496',4,1,8,44,'NEW','8 gb pendrive','2016-12-05 09:45:06','2016-12-05 09:45:06'),(497,'619659000424-8','000497',4,1,8,44,'NEW','8 gb pendrive','2016-12-05 09:45:28','2016-12-05 09:45:28'),(499,'619659000424-9','000498',1,1,8,44,'NEW','8 gb pendrive','2016-12-05 09:45:58','2016-12-05 09:45:58'),(500,'619659000424-10','000499',4,1,8,44,'NEW','8 gb pendrive','2016-12-05 09:46:19','2016-12-05 09:46:19'),(501,'619659000424-11','000500',4,1,8,44,'NEW','8 gb pendrive','2016-12-05 09:46:40','2016-12-05 09:46:40'),(502,'619659000424-12','000502',4,1,8,44,'NEW','8 gb pendrive',NULL,'2016-12-05 09:47:21'),(504,'619659000424-13','000503',4,1,8,44,'NEW','8 gb pendrive','2016-12-05 09:48:22','2016-12-05 09:48:22'),(505,'619659000424-14','000504',4,1,8,44,'NEW','8 gb pendrive','2016-12-05 09:48:43','2016-12-05 09:48:43'),(507,'619659000424-15','000505',4,1,8,44,'NEW','8 gb pendrive','2016-12-05 09:49:07','2016-12-05 09:49:07'),(508,'619659000424-16','000506',4,1,8,44,'NEW','8 gb pendrive','2016-12-05 09:49:25','2016-12-05 09:49:25'),(509,'619659000424-17','000507',4,1,8,44,'NEW','8 gb pendrive','2016-12-05 09:49:49','2016-12-05 09:49:49'),(511,'619659000424-18','000508',4,1,8,44,'NEW','8 gb pendrive','2016-12-05 09:50:17','2016-12-05 09:50:17'),(512,'619659000424-19','000509',4,1,8,44,'NEW','8 gb pendrive','2016-12-05 09:50:38','2016-12-05 09:50:38'),(513,'619659000424-20','000510',4,1,8,44,'NEW','8 gb pendrive','2016-12-05 09:51:01','2016-12-05 09:51:01'),(514,'619659000424-21','000511',4,1,8,44,'NEW','8 gb pendrive','2016-12-05 09:51:18','2016-12-05 09:51:18'),(515,'619659000424-22','000512',4,1,8,44,'NEW','8 gb pendrive','2016-12-05 09:51:35','2016-12-05 09:51:35'),(516,'619659000424-23','000513',4,1,8,44,'NEW','8 gb pendrive','2016-12-05 09:51:53','2016-12-05 09:51:53'),(518,'619659000424-24','000514',4,1,8,44,'NEW','8 gb pendrive','2016-12-05 09:52:50','2016-12-05 09:52:50'),(519,'619659000424-25','000515',4,1,8,44,'NEW','8 gb pendrive','2016-12-05 09:53:11','2016-12-05 09:53:11'),(520,'619659000424-26','000516',4,1,8,44,'NEW','8 gb pendrive','2016-12-05 09:53:32','2016-12-05 09:53:32'),(521,'619659000424-27','000517',4,1,8,44,'NEW','8 gb pendrive','2016-12-05 09:53:54','2016-12-05 09:53:54'),(522,'mc15309a21d','000522',4,1,10,31,'NEW','hp toner 12a','2016-12-05 10:07:35','2016-12-05 10:07:35'),(523,'7CH6370Z5X','000523',4,1,12,13,'NEW','keybaord','2016-12-05 10:30:18','2016-12-05 10:30:18'),(524,'e6b664153','000524',4,1,6,15,'OLD','elnova ups','2016-12-05 10:37:59','2016-12-05 10:37:59'),(525,'7CH6370Z5Tk','000525',4,1,12,13,'NEW','keybaord','2016-12-05 11:20:43','2016-12-05 11:20:43'),(526,'7CH6370Z5Tm','000526',4,1,11,11,'NEW','mouse','2016-12-05 11:21:08','2016-12-05 11:21:08'),(527,'1868B003','000527',4,1,10,33,'NEW','hp toner 88a','2016-12-05 11:22:44','2016-12-05 11:22:44'),(529,'1868B0031','000528',4,1,10,33,'NEW','hp toner 88a','2016-12-05 11:31:00','2016-12-05 11:31:00'),(531,'619659129736-28','000530',4,1,8,44,'NEW','8 gb pendrive','2016-12-05 11:42:26','2016-12-05 11:42:26'),(532,'619659129736-29','000531',4,1,8,44,'NEW','8 gb pendrive','2016-12-05 11:42:53','2016-12-05 11:42:53'),(534,'619659129736-30','000532',4,1,8,44,'NEW','8 gb pendrive','2016-12-05 11:43:25','2016-12-05 11:43:25'),(535,'619659129736-31','000533',4,1,8,44,'NEW','8 gb pendrive','2016-12-05 11:43:45','2016-12-05 11:43:45'),(536,'619659129736-32','000534',4,1,8,44,'NEW','8 gb pendrive','2016-12-05 11:44:07','2016-12-05 11:44:07'),(537,'619659129736-35','000535',4,1,8,44,'NEW','8 gb pendrive','2016-12-05 11:44:27','2016-12-05 11:44:27'),(538,'619659129736-36','000536',4,1,8,44,'NEW','8 gb pendrive','2016-12-05 11:44:43','2016-12-05 11:44:43'),(539,'619659129736-37','000537',4,1,8,44,'NEW','8 gb pendrive','2016-12-05 11:44:58','2016-12-05 11:44:58'),(540,'619659129736-38','000538',4,1,8,44,'NEW','8 gb pendrive','2016-12-05 11:45:15','2016-12-05 11:45:15'),(541,'619659129736-39','000539',4,1,8,44,'NEW','8 gb pendrive','2016-12-05 11:45:30','2016-12-05 11:45:30'),(542,'619659129736-40','000540',4,1,8,44,'NEW','8 gb pendrive','2016-12-05 11:45:52','2016-12-05 11:45:52'),(543,'619659129736-41','000541',4,1,8,44,'NEW','8 gb pendrive','2016-12-05 11:46:13','2016-12-05 11:46:13'),(545,'619659129736-42','000542',4,1,8,44,'NEW','8 gb pendrive','2016-12-05 11:46:48','2016-12-05 11:46:48'),(546,'619659129736-43','000543',4,1,8,44,'NEW','8 gb pendrive','2016-12-05 11:47:07','2016-12-05 11:47:07'),(547,'619659129736-44','000544',4,1,8,44,'NEW','8 gb pendrive','2016-12-05 11:47:26','2016-12-05 11:47:26'),(548,'619659129736-45','000545',4,1,8,44,'NEW','8 gb pendrive','2016-12-05 11:47:44','2016-12-05 11:47:44'),(549,'619659129736-46','000546',4,1,8,44,'NEW','8 gb pendrive','2016-12-05 11:47:59','2016-12-05 11:47:59'),(550,'619659129736-47','000547',4,1,8,44,'NEW','8 gb pendrive','2016-12-05 11:48:16','2016-12-05 11:48:16'),(551,'619659129736-48','000548',4,1,8,44,'NEW','8 gb pendrive','2016-12-05 11:48:32','2016-12-05 11:48:32'),(552,'619659129736-49','000549',4,1,8,44,'NEW','8 gb pendrive','2016-12-05 11:48:48','2016-12-05 11:48:48'),(553,'619659129736-50','000550',4,1,8,44,'NEW','8 gb pendrive','2016-12-05 11:49:08','2016-12-05 11:49:08'),(554,'619659129736-51','000551',4,1,8,44,'NEW','8 gb pendrive','2016-12-05 11:49:24','2016-12-05 11:49:24'),(555,'619659129736-52','000552',4,1,8,44,'NEW','8 gb pendrive','2016-12-05 11:49:41','2016-12-05 11:49:41'),(556,'619659129736-53','000553',4,1,8,44,'NEW','8 gb pendrive','2016-12-05 11:49:57','2016-12-05 11:49:57'),(557,'619659129736-54','000554',4,1,8,44,'NEW','8 gb pendrive','2016-12-05 11:50:14','2016-12-05 11:50:14'),(558,'619659129736-55','000555',4,1,8,44,'NEW','8 gb pendrive','2016-12-05 11:50:33','2016-12-05 11:50:33'),(559,'619659129736-56','000556',4,1,8,44,'NEW','8 gb pendrive','2016-12-05 11:50:56','2016-12-05 11:50:56'),(560,'619659129736-57','000557',4,1,8,44,'NEW','8 gb pendrive','2016-12-05 11:51:12','2016-12-05 11:51:12'),(561,'619659129736-58','000558',4,1,8,44,'NEW','8 gb pendrive','2016-12-05 11:51:29','2016-12-05 11:51:29'),(562,'619659129736-59','000559',4,1,8,44,'NEW','8 gb pendrive','2016-12-05 11:51:51','2016-12-05 11:51:51'),(563,'619659129736-60','000560',4,1,8,44,'NEW','8 gb pendrive','2016-12-05 11:52:08','2016-12-05 11:52:08'),(564,'619659129736-61','000561',4,1,8,44,'NEW','8 gb pendrive','2016-12-05 11:52:23','2016-12-05 11:52:23'),(565,'619659129736-62','000562',4,1,8,44,'NEW','8 gb pendrive','2016-12-05 11:52:42','2016-12-05 11:52:42'),(566,'619659129736-63','000563',4,1,8,44,'NEW','8 gb pendrive','2016-12-05 11:53:09','2016-12-05 11:53:09'),(567,'619659129736-64','000564',4,1,8,44,'NEW','8 gb pendrive','2016-12-05 11:53:31','2016-12-05 11:53:31'),(568,'619659129736-65','000565',4,1,8,44,'NEW','8 gb pendrive','2016-12-05 11:53:50','2016-12-05 11:53:50'),(569,'619659129736-66','000566',4,1,8,44,'NEW','8 gb pendrive','2016-12-05 11:54:13','2016-12-05 11:54:13'),(570,'619659129736-67','000567',4,1,8,44,'NEW','8 gb pendrive','2016-12-05 11:54:29','2016-12-05 11:54:29'),(571,'619659129736-68','000568',4,1,8,44,'NEW','8 gb pendrive','2016-12-05 11:54:49','2016-12-05 11:54:49'),(572,'619659129736-69','000569',4,1,8,44,'NEW','8 gb pendrive','2016-12-05 11:55:06','2016-12-05 11:55:06'),(573,'619659129736-70','000570',4,1,8,44,'NEW','8 gb pendrive','2016-12-05 11:55:24','2016-12-05 11:55:24'),(574,'619659129736-71','000571',4,1,8,44,'NEW','8 gb pendrive','2016-12-05 11:55:40','2016-12-05 11:55:40'),(575,'619659129736-72','000572',4,1,8,44,'NEW','8 gb pendrive','2016-12-05 11:55:56','2016-12-05 11:55:56'),(576,'619659129736-73','000573',4,1,8,44,'NEW','8 gb pendrive','2016-12-05 11:56:16','2016-12-05 11:56:16'),(577,'619659129736-74','000574',4,1,8,44,'NEW','8 gb pendrive','2016-12-05 11:56:37','2016-12-05 11:56:37');
/*!40000 ALTER TABLE `asset` ENABLE KEYS */;
UNLOCK TABLES;

--
-- Table structure for table `asset_issue`
--

DROP TABLE IF EXISTS `asset_issue`;
/*!40101 SET @saved_cs_client     = @@character_set_client */;
/*!40101 SET character_set_client = utf8 */;
CREATE TABLE `asset_issue` (
  `ID` int(11) NOT NULL AUTO_INCREMENT,
  `ASSET_ID` int(11) NOT NULL,
  `ISSUE_TYPE` varchar(45) DEFAULT NULL,
  `REQUEST_ID` int(11) NOT NULL,
  `ISSUE_DATE` datetime NOT NULL,
  `RETURN_DATE` datetime DEFAULT NULL,
  `ISSUED_TO` varchar(45) NOT NULL,
  `ISSUED_BY` varchar(45) NOT NULL,
  `RETURNED_BY` varchar(45) DEFAULT NULL,
  `DESCRIPTION` varchar(500) DEFAULT NULL,
  `CREATED_TIME` datetime DEFAULT NULL,
  `UPDATED_TIME` datetime DEFAULT NULL,
  PRIMARY KEY (`ID`),
  KEY `REQUEST_ID_FK_idx1` (`REQUEST_ID`),
  KEY `ISSUER_ID_FK_idx` (`ISSUED_BY`),
  KEY `RETURNED_BY_FK_idx` (`RETURNED_BY`),
  KEY `ASSET_ID_FK` (`ASSET_ID`),
  KEY `ISSUED_BY_FK` (`ISSUED_TO`),
  CONSTRAINT `ASSET_ID_FK` FOREIGN KEY (`ASSET_ID`) REFERENCES `asset` (`ID`) ON DELETE CASCADE ON UPDATE CASCADE,
  CONSTRAINT `ISSUED_BY_FK` FOREIGN KEY (`ISSUED_TO`) REFERENCES `users` (`USERNAME`) ON DELETE CASCADE ON UPDATE CASCADE,
  CONSTRAINT `ISSUED_BY_FK1` FOREIGN KEY (`ISSUED_BY`) REFERENCES `users` (`USERNAME`) ON DELETE CASCADE ON UPDATE CASCADE,
  CONSTRAINT `REQUEST_ID_FK` FOREIGN KEY (`REQUEST_ID`) REFERENCES `request` (`ID`) ON DELETE CASCADE ON UPDATE CASCADE,
  CONSTRAINT `RETURNED_BY_FK` FOREIGN KEY (`RETURNED_BY`) REFERENCES `users` (`USERNAME`) ON DELETE CASCADE ON UPDATE CASCADE
) ENGINE=InnoDB AUTO_INCREMENT=476 DEFAULT CHARSET=latin1;
/*!40101 SET character_set_client = @saved_cs_client */;

--
-- Dumping data for table `asset_issue`
--

LOCK TABLES `asset_issue` WRITE;
/*!40000 ALTER TABLE `asset_issue` DISABLE KEYS */;
INSERT INTO `asset_issue` VALUES (1,1,NULL,1,'2016-11-19 07:26:26',NULL,'ravikumar','ravikumar',NULL,'issued','2016-11-19 07:26:26','2016-11-19 07:26:26'),(2,71,NULL,2,'2016-11-23 10:46:03',NULL,'hospital','ravikumar',NULL,'for hospital use','2016-11-23 10:46:03','2016-11-23 10:46:03'),(3,121,NULL,2,'2016-11-23 10:46:03',NULL,'hospital','ravikumar',NULL,'for hospital use','2016-11-23 10:46:03','2016-11-23 10:46:03'),(4,128,NULL,2,'2016-11-23 10:46:03',NULL,'hospital','ravikumar',NULL,'for hospital use','2016-11-23 10:46:03','2016-11-23 10:46:03'),(5,134,NULL,2,'2016-11-23 10:46:03',NULL,'hospital','ravikumar',NULL,'for hospital use','2016-11-23 10:46:03','2016-11-23 10:46:03'),(6,148,NULL,2,'2016-11-23 10:46:03',NULL,'hospital','ravikumar',NULL,'for hospital use','2016-11-23 10:46:03','2016-11-23 10:46:03'),(7,66,NULL,2,'2016-11-23 10:46:03',NULL,'hospital','ravikumar',NULL,'for hospital use','2016-11-23 10:46:03','2016-11-23 10:46:03'),(8,77,NULL,2,'2016-11-23 10:46:03',NULL,'hospital','ravikumar',NULL,'for hospital use','2016-11-23 10:46:03','2016-11-23 10:46:03'),(9,89,NULL,2,'2016-11-23 10:46:03',NULL,'hospital','ravikumar',NULL,'for hospital use','2016-11-23 10:46:03','2016-11-23 10:46:03'),(10,173,NULL,2,'2016-11-23 10:46:03',NULL,'hospital','ravikumar',NULL,'for hospital use','2016-11-23 10:46:03','2016-11-23 10:46:03'),(11,184,NULL,2,'2016-11-23 10:46:03',NULL,'hospital','ravikumar',NULL,'for hospital use','2016-11-23 10:46:03','2016-11-23 10:46:03'),(12,187,NULL,2,'2016-11-23 10:46:03',NULL,'hospital','ravikumar',NULL,'for hospital use','2016-11-23 10:46:03','2016-11-23 10:46:03'),(13,191,NULL,2,'2016-11-23 10:46:03',NULL,'hospital','ravikumar',NULL,'for hospital use','2016-11-23 10:46:03','2016-11-23 10:46:03'),(14,229,NULL,2,'2016-11-23 10:46:03',NULL,'hospital','ravikumar',NULL,'for hospital use','2016-11-23 10:46:03','2016-11-23 10:46:03'),(15,2,NULL,2,'2016-11-23 10:46:03',NULL,'hospital','ravikumar',NULL,'for hospital use','2016-11-23 10:46:03','2016-11-23 10:46:03'),(16,7,NULL,2,'2016-11-23 10:46:03',NULL,'hospital','ravikumar',NULL,'for hospital use','2016-11-23 10:46:03','2016-11-23 10:46:03'),(17,13,NULL,2,'2016-11-23 10:46:03',NULL,'hospital','ravikumar',NULL,'for hospital use','2016-11-23 10:46:03','2016-11-23 10:46:03'),(18,19,NULL,2,'2016-11-23 10:46:03',NULL,'hospital','ravikumar',NULL,'for hospital use','2016-11-23 10:46:03','2016-11-23 10:46:03'),(19,26,NULL,2,'2016-11-23 10:46:03',NULL,'hospital','ravikumar',NULL,'for hospital use','2016-11-23 10:46:03','2016-11-23 10:46:03'),(20,213,NULL,4,'2016-11-23 10:52:06',NULL,'hospital','ravikumar',NULL,'for hospital use','2016-11-23 10:52:06','2016-11-23 10:52:06'),(21,32,NULL,3,'2016-11-23 10:54:58',NULL,'hospital','ravikumar',NULL,'for hospital use','2016-11-23 10:54:58','2016-11-23 10:54:58'),(22,36,NULL,3,'2016-11-23 10:54:58',NULL,'hospital','ravikumar',NULL,'for hospital use','2016-11-23 10:54:58','2016-11-23 10:54:58'),(23,43,NULL,3,'2016-11-23 10:54:58',NULL,'hospital','ravikumar',NULL,'for hospital use','2016-11-23 10:54:58','2016-11-23 10:54:58'),(24,50,NULL,3,'2016-11-23 10:54:58',NULL,'hospital','ravikumar',NULL,'for hospital use','2016-11-23 10:54:58','2016-11-23 10:54:58'),(25,57,NULL,3,'2016-11-23 10:54:58',NULL,'hospital','ravikumar',NULL,'for hospital use','2016-11-23 10:54:58','2016-11-23 10:54:58'),(26,68,NULL,3,'2016-11-23 10:54:58',NULL,'hospital','ravikumar',NULL,'for hospital use','2016-11-23 10:54:58','2016-11-23 10:54:58'),(27,83,NULL,3,'2016-11-23 10:54:58',NULL,'hospital','ravikumar',NULL,'for hospital use','2016-11-23 10:54:58','2016-11-23 10:54:58'),(28,95,NULL,3,'2016-11-23 10:54:58',NULL,'hospital','ravikumar',NULL,'for hospital use','2016-11-23 10:54:58','2016-11-23 10:54:58'),(29,101,NULL,3,'2016-11-23 10:54:58',NULL,'hospital','ravikumar',NULL,'for hospital use','2016-11-23 10:54:58','2016-11-23 10:54:58'),(30,107,NULL,3,'2016-11-23 10:54:58',NULL,'hospital','ravikumar',NULL,'for hospital use','2016-11-23 10:54:58','2016-11-23 10:54:58'),(31,115,NULL,3,'2016-11-23 10:54:58',NULL,'hospital','ravikumar',NULL,'for hospital use','2016-11-23 10:54:58','2016-11-23 10:54:58'),(32,161,NULL,3,'2016-11-23 10:54:58',NULL,'hospital','ravikumar',NULL,'for hospital use','2016-11-23 10:54:58','2016-11-23 10:54:58'),(33,167,NULL,3,'2016-11-23 10:54:58',NULL,'hospital','ravikumar',NULL,'for hospital use','2016-11-23 10:54:58','2016-11-23 10:54:58'),(34,177,NULL,3,'2016-11-23 10:54:58',NULL,'hospital','ravikumar',NULL,'for hospital use','2016-11-23 10:54:58','2016-11-23 10:54:58'),(35,195,NULL,3,'2016-11-23 10:54:58',NULL,'hospital','ravikumar',NULL,'for hospital use','2016-11-23 10:54:58','2016-11-23 10:54:58'),(36,204,NULL,3,'2016-11-23 10:54:58',NULL,'hospital','ravikumar',NULL,'for hospital use','2016-11-23 10:54:58','2016-11-23 10:54:58'),(37,209,NULL,3,'2016-11-23 10:54:58',NULL,'hospital','ravikumar',NULL,'for hospital use','2016-11-23 10:54:58','2016-11-23 10:54:58'),(38,218,NULL,3,'2016-11-23 10:54:58',NULL,'hospital','ravikumar',NULL,'for hospital use','2016-11-23 10:54:58','2016-11-23 10:54:58'),(39,224,NULL,3,'2016-11-23 10:54:58',NULL,'hospital','ravikumar',NULL,'for hospital use','2016-11-23 10:54:58','2016-11-23 10:54:58'),(40,260,NULL,3,'2016-11-23 10:54:58',NULL,'hospital','ravikumar',NULL,'for hospital use','2016-11-23 10:54:58','2016-11-23 10:54:58'),(41,8,NULL,5,'2016-11-23 11:01:13',NULL,'hospital','ravikumar',NULL,'for hospital use','2016-11-23 11:01:13','2016-11-23 11:01:13'),(42,20,NULL,5,'2016-11-23 11:01:13',NULL,'hospital','ravikumar',NULL,'for hospital use','2016-11-23 11:01:13','2016-11-23 11:01:13'),(43,27,NULL,5,'2016-11-23 11:01:13',NULL,'hospital','ravikumar',NULL,'for hospital use','2016-11-23 11:01:13','2016-11-23 11:01:13'),(44,33,NULL,5,'2016-11-23 11:01:13',NULL,'hospital','ravikumar',NULL,'for hospital use','2016-11-23 11:01:13','2016-11-23 11:01:13'),(45,37,NULL,5,'2016-11-23 11:01:13',NULL,'hospital','ravikumar',NULL,'for hospital use','2016-11-23 11:01:13','2016-11-23 11:01:13'),(46,46,NULL,5,'2016-11-23 11:01:13',NULL,'hospital','ravikumar',NULL,'for hospital use','2016-11-23 11:01:13','2016-11-23 11:01:13'),(47,51,NULL,5,'2016-11-23 11:01:13',NULL,'hospital','ravikumar',NULL,'for hospital use','2016-11-23 11:01:13','2016-11-23 11:01:13'),(48,58,NULL,5,'2016-11-23 11:01:13',NULL,'hospital','ravikumar',NULL,'for hospital use','2016-11-23 11:01:13','2016-11-23 11:01:13'),(49,63,NULL,5,'2016-11-23 11:01:13',NULL,'hospital','ravikumar',NULL,'for hospital use','2016-11-23 11:01:13','2016-11-23 11:01:13'),(50,72,NULL,5,'2016-11-23 11:01:13',NULL,'hospital','ravikumar',NULL,'for hospital use','2016-11-23 11:01:13','2016-11-23 11:01:13'),(51,78,NULL,5,'2016-11-23 11:01:13',NULL,'hospital','ravikumar',NULL,'for hospital use','2016-11-23 11:01:13','2016-11-23 11:01:13'),(52,84,NULL,5,'2016-11-23 11:01:13',NULL,'hospital','ravikumar',NULL,'for hospital use','2016-11-23 11:01:13','2016-11-23 11:01:13'),(53,90,NULL,5,'2016-11-23 11:01:13',NULL,'hospital','ravikumar',NULL,'for hospital use','2016-11-23 11:01:13','2016-11-23 11:01:13'),(54,96,NULL,5,'2016-11-23 11:01:13',NULL,'hospital','ravikumar',NULL,'for hospital use','2016-11-23 11:01:13','2016-11-23 11:01:13'),(55,102,NULL,5,'2016-11-23 11:01:13',NULL,'hospital','ravikumar',NULL,'for hospital use','2016-11-23 11:01:13','2016-11-23 11:01:13'),(56,116,NULL,5,'2016-11-23 11:01:13',NULL,'hospital','ravikumar',NULL,'for hospital use','2016-11-23 11:01:13','2016-11-23 11:01:13'),(57,122,NULL,5,'2016-11-23 11:01:13',NULL,'hospital','ravikumar',NULL,'for hospital use','2016-11-23 11:01:13','2016-11-23 11:01:13'),(58,130,NULL,5,'2016-11-23 11:01:13',NULL,'hospital','ravikumar',NULL,'for hospital use','2016-11-23 11:01:13','2016-11-23 11:01:13'),(59,142,NULL,5,'2016-11-23 11:01:13',NULL,'hospital','ravikumar',NULL,'for hospital use','2016-11-23 11:01:13','2016-11-23 11:01:13'),(60,149,NULL,5,'2016-11-23 11:01:13',NULL,'hospital','ravikumar',NULL,'for hospital use','2016-11-23 11:01:13','2016-11-23 11:01:13'),(61,155,NULL,5,'2016-11-23 11:01:13',NULL,'hospital','ravikumar',NULL,'for hospital use','2016-11-23 11:01:13','2016-11-23 11:01:13'),(62,162,NULL,5,'2016-11-23 11:01:13',NULL,'hospital','ravikumar',NULL,'for hospital use','2016-11-23 11:01:13','2016-11-23 11:01:13'),(63,168,NULL,5,'2016-11-23 11:01:13',NULL,'hospital','ravikumar',NULL,'for hospital use','2016-11-23 11:01:13','2016-11-23 11:01:13'),(64,174,NULL,5,'2016-11-23 11:01:13',NULL,'hospital','ravikumar',NULL,'for hospital use','2016-11-23 11:01:13','2016-11-23 11:01:13'),(65,178,NULL,5,'2016-11-23 11:01:13',NULL,'hospital','ravikumar',NULL,'for hospital use','2016-11-23 11:01:13','2016-11-23 11:01:13'),(66,182,NULL,5,'2016-11-23 11:01:13',NULL,'hospital','ravikumar',NULL,'for hospital use','2016-11-23 11:01:13','2016-11-23 11:01:13'),(67,192,NULL,5,'2016-11-23 11:01:13',NULL,'hospital','ravikumar',NULL,'for hospital use','2016-11-23 11:01:13','2016-11-23 11:01:13'),(68,196,NULL,5,'2016-11-23 11:01:13',NULL,'hospital','ravikumar',NULL,'for hospital use','2016-11-23 11:01:13','2016-11-23 11:01:13'),(69,201,NULL,5,'2016-11-23 11:01:13',NULL,'hospital','ravikumar',NULL,'for hospital use','2016-11-23 11:01:13','2016-11-23 11:01:13'),(70,205,NULL,5,'2016-11-23 11:01:13',NULL,'hospital','ravikumar',NULL,'for hospital use','2016-11-23 11:01:13','2016-11-23 11:01:13'),(71,210,NULL,5,'2016-11-23 11:01:13',NULL,'hospital','ravikumar',NULL,'for hospital use','2016-11-23 11:01:13','2016-11-23 11:01:13'),(72,214,NULL,5,'2016-11-23 11:01:13',NULL,'hospital','ravikumar',NULL,'for hospital use','2016-11-23 11:01:13','2016-11-23 11:01:13'),(73,220,NULL,5,'2016-11-23 11:01:13',NULL,'hospital','ravikumar',NULL,'for hospital use','2016-11-23 11:01:13','2016-11-23 11:01:13'),(74,225,NULL,5,'2016-11-23 11:01:13',NULL,'hospital','ravikumar',NULL,'for hospital use','2016-11-23 11:01:13','2016-11-23 11:01:13'),(75,230,NULL,5,'2016-11-23 11:01:13',NULL,'hospital','ravikumar',NULL,'for hospital use','2016-11-23 11:01:13','2016-11-23 11:01:13'),(76,257,NULL,5,'2016-11-23 11:01:13',NULL,'hospital','ravikumar',NULL,'for hospital use','2016-11-23 11:01:13','2016-11-23 11:01:13'),(77,261,NULL,5,'2016-11-23 11:01:13',NULL,'hospital','ravikumar',NULL,'for hospital use','2016-11-23 11:01:13','2016-11-23 11:01:13'),(78,3,NULL,5,'2016-11-23 11:01:13',NULL,'hospital','ravikumar',NULL,'for hospital use','2016-11-23 11:01:13','2016-11-23 11:01:13'),(79,108,NULL,5,'2016-11-23 11:01:13',NULL,'hospital','ravikumar',NULL,'for hospital use','2016-11-23 11:01:13','2016-11-23 11:01:13'),(80,14,NULL,5,'2016-11-23 11:01:13',NULL,'hospital','ravikumar',NULL,'for hospital use','2016-11-23 11:01:13','2016-11-23 11:01:13'),(81,52,NULL,6,'2016-11-23 11:09:30',NULL,'hospital','ravikumar',NULL,'for hospital use','2016-11-23 11:09:30','2016-11-23 11:09:30'),(82,97,NULL,6,'2016-11-23 11:09:30',NULL,'hospital','ravikumar',NULL,'for hospital use','2016-11-23 11:09:30','2016-11-23 11:09:30'),(83,197,NULL,6,'2016-11-23 11:09:30',NULL,'hospital','ravikumar',NULL,'for hospital use','2016-11-23 11:09:30','2016-11-23 11:09:30'),(84,65,NULL,6,'2016-11-23 11:09:30',NULL,'hospital','ravikumar',NULL,'for hospital use','2016-11-23 11:09:30','2016-11-23 11:09:30'),(85,4,NULL,6,'2016-11-23 11:09:30',NULL,'hospital','ravikumar',NULL,'for hospital use','2016-11-23 11:09:30','2016-11-23 11:09:30'),(86,9,NULL,6,'2016-11-23 11:09:30',NULL,'hospital','ravikumar',NULL,'for hospital use','2016-11-23 11:09:30','2016-11-23 11:09:30'),(87,15,NULL,6,'2016-11-23 11:09:30',NULL,'hospital','ravikumar',NULL,'for hospital use','2016-11-23 11:09:30','2016-11-23 11:09:30'),(88,21,NULL,6,'2016-11-23 11:09:30',NULL,'hospital','ravikumar',NULL,'for hospital use','2016-11-23 11:09:30','2016-11-23 11:09:30'),(89,28,NULL,6,'2016-11-23 11:09:30',NULL,'hospital','ravikumar',NULL,'for hospital use','2016-11-23 11:09:30','2016-11-23 11:09:30'),(90,34,NULL,6,'2016-11-23 11:09:30',NULL,'hospital','ravikumar',NULL,'for hospital use','2016-11-23 11:09:30','2016-11-23 11:09:30'),(91,38,NULL,6,'2016-11-23 11:09:30',NULL,'hospital','ravikumar',NULL,'for hospital use','2016-11-23 11:09:30','2016-11-23 11:09:30'),(92,47,NULL,6,'2016-11-23 11:09:30',NULL,'hospital','ravikumar',NULL,'for hospital use','2016-11-23 11:09:30','2016-11-23 11:09:30'),(93,59,NULL,6,'2016-11-23 11:09:30',NULL,'hospital','ravikumar',NULL,'for hospital use','2016-11-23 11:09:30','2016-11-23 11:09:30'),(94,73,NULL,6,'2016-11-23 11:09:30',NULL,'hospital','ravikumar',NULL,'for hospital use','2016-11-23 11:09:30','2016-11-23 11:09:30'),(95,79,NULL,6,'2016-11-23 11:09:30',NULL,'hospital','ravikumar',NULL,'for hospital use','2016-11-23 11:09:30','2016-11-23 11:09:30'),(96,85,NULL,6,'2016-11-23 11:09:30',NULL,'hospital','ravikumar',NULL,'for hospital use','2016-11-23 11:09:30','2016-11-23 11:09:30'),(97,91,NULL,6,'2016-11-23 11:09:30',NULL,'hospital','ravikumar',NULL,'for hospital use','2016-11-23 11:09:30','2016-11-23 11:09:30'),(98,103,NULL,6,'2016-11-23 11:09:30',NULL,'hospital','ravikumar',NULL,'for hospital use','2016-11-23 11:09:30','2016-11-23 11:09:30'),(99,109,NULL,6,'2016-11-23 11:09:30',NULL,'hospital','ravikumar',NULL,'for hospital use','2016-11-23 11:09:30','2016-11-23 11:09:30'),(100,117,NULL,6,'2016-11-23 11:09:30',NULL,'hospital','ravikumar',NULL,'for hospital use','2016-11-23 11:09:30','2016-11-23 11:09:30'),(101,123,NULL,6,'2016-11-23 11:09:30',NULL,'hospital','ravikumar',NULL,'for hospital use','2016-11-23 11:09:30','2016-11-23 11:09:30'),(102,131,NULL,6,'2016-11-23 11:09:30',NULL,'hospital','ravikumar',NULL,'for hospital use','2016-11-23 11:09:30','2016-11-23 11:09:30'),(103,135,NULL,6,'2016-11-23 11:09:30',NULL,'hospital','ravikumar',NULL,'for hospital use','2016-11-23 11:09:30','2016-11-23 11:09:30'),(104,146,NULL,6,'2016-11-23 11:09:30',NULL,'hospital','ravikumar',NULL,'for hospital use','2016-11-23 11:09:30','2016-11-23 11:09:30'),(105,150,NULL,6,'2016-11-23 11:09:30',NULL,'hospital','ravikumar',NULL,'for hospital use','2016-11-23 11:09:30','2016-11-23 11:09:30'),(106,156,NULL,6,'2016-11-23 11:09:30',NULL,'hospital','ravikumar',NULL,'for hospital use','2016-11-23 11:09:30','2016-11-23 11:09:30'),(107,159,NULL,6,'2016-11-23 11:09:30',NULL,'hospital','ravikumar',NULL,'for hospital use','2016-11-23 11:09:30','2016-11-23 11:09:30'),(108,163,NULL,6,'2016-11-23 11:09:30',NULL,'hospital','ravikumar',NULL,'for hospital use','2016-11-23 11:09:30','2016-11-23 11:09:30'),(109,169,NULL,6,'2016-11-23 11:09:30',NULL,'hospital','ravikumar',NULL,'for hospital use','2016-11-23 11:09:30','2016-11-23 11:09:30'),(110,175,NULL,6,'2016-11-23 11:09:30',NULL,'hospital','ravikumar',NULL,'for hospital use','2016-11-23 11:09:30','2016-11-23 11:09:30'),(111,179,NULL,6,'2016-11-23 11:09:30',NULL,'hospital','ravikumar',NULL,'for hospital use','2016-11-23 11:09:30','2016-11-23 11:09:30'),(112,185,NULL,6,'2016-11-23 11:09:30',NULL,'hospital','ravikumar',NULL,'for hospital use','2016-11-23 11:09:30','2016-11-23 11:09:30'),(113,188,NULL,6,'2016-11-23 11:09:30',NULL,'hospital','ravikumar',NULL,'for hospital use','2016-11-23 11:09:30','2016-11-23 11:09:30'),(114,193,NULL,6,'2016-11-23 11:09:30',NULL,'hospital','ravikumar',NULL,'for hospital use','2016-11-23 11:09:30','2016-11-23 11:09:30'),(115,206,NULL,6,'2016-11-23 11:09:30',NULL,'hospital','ravikumar',NULL,'for hospital use','2016-11-23 11:09:30','2016-11-23 11:09:30'),(116,215,NULL,6,'2016-11-23 11:09:30',NULL,'hospital','ravikumar',NULL,'for hospital use','2016-11-23 11:09:30','2016-11-23 11:09:30'),(117,221,NULL,6,'2016-11-23 11:09:30',NULL,'hospital','ravikumar',NULL,'for hospital use','2016-11-23 11:09:30','2016-11-23 11:09:30'),(118,226,NULL,6,'2016-11-23 11:09:30',NULL,'hospital','ravikumar',NULL,'for hospital use','2016-11-23 11:09:30','2016-11-23 11:09:30'),(119,258,NULL,6,'2016-11-23 11:09:30',NULL,'hospital','ravikumar',NULL,'for hospital use','2016-11-23 11:09:30','2016-11-23 11:09:30'),(120,5,NULL,7,'2016-11-23 11:18:57',NULL,'hospital','ravikumar',NULL,'for hospital use','2016-11-23 11:18:57','2016-11-23 11:18:57'),(121,10,NULL,7,'2016-11-23 11:18:57',NULL,'hospital','ravikumar',NULL,'for hospital use','2016-11-23 11:18:57','2016-11-23 11:18:57'),(122,16,NULL,7,'2016-11-23 11:18:57',NULL,'hospital','ravikumar',NULL,'for hospital use','2016-11-23 11:18:57','2016-11-23 11:18:57'),(123,22,NULL,7,'2016-11-23 11:18:57',NULL,'hospital','ravikumar',NULL,'for hospital use','2016-11-23 11:18:57','2016-11-23 11:18:57'),(124,29,NULL,7,'2016-11-23 11:18:57',NULL,'hospital','ravikumar',NULL,'for hospital use','2016-11-23 11:18:57','2016-11-23 11:18:57'),(125,35,NULL,7,'2016-11-23 11:18:57',NULL,'hospital','ravikumar',NULL,'for hospital use','2016-11-23 11:18:57','2016-11-23 11:18:57'),(126,39,NULL,7,'2016-11-23 11:18:57',NULL,'hospital','ravikumar',NULL,'for hospital use','2016-11-23 11:18:57','2016-11-23 11:18:57'),(127,48,NULL,7,'2016-11-23 11:18:57',NULL,'hospital','ravikumar',NULL,'for hospital use','2016-11-23 11:18:57','2016-11-23 11:18:57'),(128,53,NULL,7,'2016-11-23 11:18:57',NULL,'hospital','ravikumar',NULL,'for hospital use','2016-11-23 11:18:57','2016-11-23 11:18:57'),(129,60,NULL,7,'2016-11-23 11:18:57',NULL,'hospital','ravikumar',NULL,'for hospital use','2016-11-23 11:18:57','2016-11-23 11:18:57'),(130,64,NULL,7,'2016-11-23 11:18:57',NULL,'hospital','ravikumar',NULL,'for hospital use','2016-11-23 11:18:57','2016-11-23 11:18:57'),(131,70,NULL,7,'2016-11-23 11:18:57',NULL,'hospital','ravikumar',NULL,'for hospital use','2016-11-23 11:18:57','2016-11-23 11:18:57'),(132,74,NULL,7,'2016-11-23 11:18:57',NULL,'hospital','ravikumar',NULL,'for hospital use','2016-11-23 11:18:57','2016-11-23 11:18:57'),(133,80,NULL,7,'2016-11-23 11:18:57',NULL,'hospital','ravikumar',NULL,'for hospital use','2016-11-23 11:18:57','2016-11-23 11:18:57'),(134,86,NULL,7,'2016-11-23 11:18:57',NULL,'hospital','ravikumar',NULL,'for hospital use','2016-11-23 11:18:57','2016-11-23 11:18:57'),(135,92,NULL,7,'2016-11-23 11:18:57',NULL,'hospital','ravikumar',NULL,'for hospital use','2016-11-23 11:18:57','2016-11-23 11:18:57'),(136,98,NULL,7,'2016-11-23 11:18:57',NULL,'hospital','ravikumar',NULL,'for hospital use','2016-11-23 11:18:57','2016-11-23 11:18:57'),(137,104,NULL,7,'2016-11-23 11:18:57',NULL,'hospital','ravikumar',NULL,'for hospital use','2016-11-23 11:18:57','2016-11-23 11:18:57'),(138,110,NULL,7,'2016-11-23 11:18:57',NULL,'hospital','ravikumar',NULL,'for hospital use','2016-11-23 11:18:57','2016-11-23 11:18:57'),(139,118,NULL,7,'2016-11-23 11:18:57',NULL,'hospital','ravikumar',NULL,'for hospital use','2016-11-23 11:18:57','2016-11-23 11:18:57'),(140,124,NULL,7,'2016-11-23 11:18:57',NULL,'hospital','ravikumar',NULL,'for hospital use','2016-11-23 11:18:57','2016-11-23 11:18:57'),(141,132,NULL,7,'2016-11-23 11:18:57',NULL,'hospital','ravikumar',NULL,'for hospital use','2016-11-23 11:18:57','2016-11-23 11:18:57'),(142,147,NULL,7,'2016-11-23 11:18:57',NULL,'hospital','ravikumar',NULL,'for hospital use','2016-11-23 11:18:57','2016-11-23 11:18:57'),(143,152,NULL,7,'2016-11-23 11:18:57',NULL,'hospital','ravikumar',NULL,'for hospital use','2016-11-23 11:18:57','2016-11-23 11:18:57'),(144,157,NULL,7,'2016-11-23 11:18:57',NULL,'hospital','ravikumar',NULL,'for hospital use','2016-11-23 11:18:57','2016-11-23 11:18:57'),(145,164,NULL,7,'2016-11-23 11:18:57',NULL,'hospital','ravikumar',NULL,'for hospital use','2016-11-23 11:18:57','2016-11-23 11:18:57'),(146,170,NULL,7,'2016-11-23 11:18:57',NULL,'hospital','ravikumar',NULL,'for hospital use','2016-11-23 11:18:57','2016-11-23 11:18:57'),(147,180,NULL,7,'2016-11-23 11:18:57',NULL,'hospital','ravikumar',NULL,'for hospital use','2016-11-23 11:18:57','2016-11-23 11:18:57'),(148,190,NULL,7,'2016-11-23 11:18:57',NULL,'hospital','ravikumar',NULL,'for hospital use','2016-11-23 11:18:57','2016-11-23 11:18:57'),(149,194,NULL,7,'2016-11-23 11:18:57',NULL,'hospital','ravikumar',NULL,'for hospital use','2016-11-23 11:18:57','2016-11-23 11:18:57'),(150,198,NULL,7,'2016-11-23 11:18:57',NULL,'hospital','ravikumar',NULL,'for hospital use','2016-11-23 11:18:57','2016-11-23 11:18:57'),(151,207,NULL,7,'2016-11-23 11:18:57',NULL,'hospital','ravikumar',NULL,'for hospital use','2016-11-23 11:18:57','2016-11-23 11:18:57'),(152,212,NULL,7,'2016-11-23 11:18:57',NULL,'hospital','ravikumar',NULL,'for hospital use','2016-11-23 11:18:57','2016-11-23 11:18:57'),(153,216,NULL,7,'2016-11-23 11:18:57',NULL,'hospital','ravikumar',NULL,'for hospital use','2016-11-23 11:18:57','2016-11-23 11:18:57'),(154,222,NULL,7,'2016-11-23 11:18:57',NULL,'hospital','ravikumar',NULL,'for hospital use','2016-11-23 11:18:57','2016-11-23 11:18:57'),(155,227,NULL,7,'2016-11-23 11:18:57',NULL,'hospital','ravikumar',NULL,'for hospital use','2016-11-23 11:18:57','2016-11-23 11:18:57'),(156,6,NULL,8,'2016-11-23 11:32:02',NULL,'hospital','ravikumar',NULL,'for hospital use','2016-11-23 11:32:02','2016-11-23 11:32:02'),(157,12,NULL,8,'2016-11-23 11:32:02',NULL,'hospital','ravikumar',NULL,'for hospital use','2016-11-23 11:32:02','2016-11-23 11:32:02'),(158,18,NULL,8,'2016-11-23 11:32:02',NULL,'hospital','ravikumar',NULL,'for hospital use','2016-11-23 11:32:02','2016-11-23 11:32:02'),(159,25,NULL,8,'2016-11-23 11:32:02',NULL,'hospital','ravikumar',NULL,'for hospital use','2016-11-23 11:32:02','2016-11-23 11:32:02'),(160,31,NULL,8,'2016-11-23 11:32:02',NULL,'hospital','ravikumar',NULL,'for hospital use','2016-11-23 11:32:02','2016-11-23 11:32:02'),(161,41,NULL,8,'2016-11-23 11:32:02',NULL,'hospital','ravikumar',NULL,'for hospital use','2016-11-23 11:32:02','2016-11-23 11:32:02'),(162,49,NULL,8,'2016-11-23 11:32:02',NULL,'hospital','ravikumar',NULL,'for hospital use','2016-11-23 11:32:02','2016-11-23 11:32:02'),(163,55,NULL,8,'2016-11-23 11:32:02',NULL,'hospital','ravikumar',NULL,'for hospital use','2016-11-23 11:32:02','2016-11-23 11:32:02'),(164,62,NULL,8,'2016-11-23 11:32:02',NULL,'hospital','ravikumar',NULL,'for hospital use','2016-11-23 11:32:02','2016-11-23 11:32:02'),(165,69,NULL,8,'2016-11-23 11:32:02',NULL,'hospital','ravikumar',NULL,'for hospital use','2016-11-23 11:32:02','2016-11-23 11:32:02'),(166,82,NULL,8,'2016-11-23 11:32:02',NULL,'hospital','ravikumar',NULL,'for hospital use','2016-11-23 11:32:02','2016-11-23 11:32:02'),(167,88,NULL,8,'2016-11-23 11:32:02',NULL,'hospital','ravikumar',NULL,'for hospital use','2016-11-23 11:32:02','2016-11-23 11:32:02'),(168,94,NULL,8,'2016-11-23 11:32:02',NULL,'hospital','ravikumar',NULL,'for hospital use','2016-11-23 11:32:02','2016-11-23 11:32:02'),(169,100,NULL,8,'2016-11-23 11:32:02',NULL,'hospital','ravikumar',NULL,'for hospital use','2016-11-23 11:32:02','2016-11-23 11:32:02'),(170,106,NULL,8,'2016-11-23 11:32:02',NULL,'hospital','ravikumar',NULL,'for hospital use','2016-11-23 11:32:02','2016-11-23 11:32:02'),(171,114,NULL,8,'2016-11-23 11:32:02',NULL,'hospital','ravikumar',NULL,'for hospital use','2016-11-23 11:32:02','2016-11-23 11:32:02'),(172,120,NULL,8,'2016-11-23 11:32:02',NULL,'hospital','ravikumar',NULL,'for hospital use','2016-11-23 11:32:02','2016-11-23 11:32:02'),(173,127,NULL,8,'2016-11-23 11:32:02',NULL,'hospital','ravikumar',NULL,'for hospital use','2016-11-23 11:32:02','2016-11-23 11:32:02'),(174,133,NULL,8,'2016-11-23 11:32:02',NULL,'hospital','ravikumar',NULL,'for hospital use','2016-11-23 11:32:02','2016-11-23 11:32:02'),(175,137,NULL,8,'2016-11-23 11:32:02',NULL,'hospital','ravikumar',NULL,'for hospital use','2016-11-23 11:32:02','2016-11-23 11:32:02'),(176,138,NULL,8,'2016-11-23 11:32:02',NULL,'hospital','ravikumar',NULL,'for hospital use','2016-11-23 11:32:02','2016-11-23 11:32:02'),(177,139,NULL,8,'2016-11-23 11:32:02',NULL,'hospital','ravikumar',NULL,'for hospital use','2016-11-23 11:32:02','2016-11-23 11:32:02'),(178,140,NULL,8,'2016-11-23 11:32:02',NULL,'hospital','ravikumar',NULL,'for hospital use','2016-11-23 11:32:02','2016-11-23 11:32:02'),(179,141,NULL,8,'2016-11-23 11:32:02',NULL,'hospital','ravikumar',NULL,'for hospital use','2016-11-23 11:32:02','2016-11-23 11:32:02'),(180,154,NULL,8,'2016-11-23 11:32:02',NULL,'hospital','ravikumar',NULL,'for hospital use','2016-11-23 11:32:02','2016-11-23 11:32:02'),(181,158,NULL,8,'2016-11-23 11:32:02',NULL,'hospital','ravikumar',NULL,'for hospital use','2016-11-23 11:32:02','2016-11-23 11:32:02'),(182,166,NULL,8,'2016-11-23 11:32:02',NULL,'hospital','ravikumar',NULL,'for hospital use','2016-11-23 11:32:02','2016-11-23 11:32:02'),(183,172,NULL,8,'2016-11-23 11:32:02',NULL,'hospital','ravikumar',NULL,'for hospital use','2016-11-23 11:32:02','2016-11-23 11:32:02'),(184,176,NULL,8,'2016-11-23 11:32:02',NULL,'hospital','ravikumar',NULL,'for hospital use','2016-11-23 11:32:02','2016-11-23 11:32:02'),(185,181,NULL,8,'2016-11-23 11:32:02',NULL,'hospital','ravikumar',NULL,'for hospital use','2016-11-23 11:32:02','2016-11-23 11:32:02'),(186,200,NULL,8,'2016-11-23 11:32:02',NULL,'hospital','ravikumar',NULL,'for hospital use','2016-11-23 11:32:02','2016-11-23 11:32:02'),(187,208,NULL,8,'2016-11-23 11:32:02',NULL,'hospital','ravikumar',NULL,'for hospital use','2016-11-23 11:32:02','2016-11-23 11:32:02'),(188,211,NULL,8,'2016-11-23 11:32:02',NULL,'hospital','ravikumar',NULL,'for hospital use','2016-11-23 11:32:02','2016-11-23 11:32:02'),(189,217,NULL,8,'2016-11-23 11:32:02',NULL,'hospital','ravikumar',NULL,'for hospital use','2016-11-23 11:32:02','2016-11-23 11:32:02'),(190,223,NULL,8,'2016-11-23 11:32:02',NULL,'hospital','ravikumar',NULL,'for hospital use','2016-11-23 11:32:02','2016-11-23 11:32:02'),(191,228,NULL,8,'2016-11-23 11:32:02',NULL,'hospital','ravikumar',NULL,'for hospital use','2016-11-23 11:32:02','2016-11-23 11:32:02'),(192,259,NULL,8,'2016-11-23 11:32:02',NULL,'hospital','ravikumar',NULL,'for hospital use','2016-11-23 11:32:02','2016-11-23 11:32:02'),(193,76,NULL,9,'2016-11-23 11:32:31',NULL,'hospital','ravikumar',NULL,'for hospital use','2016-11-23 11:32:31','2016-11-23 11:32:31'),(194,183,NULL,9,'2016-11-23 11:32:31',NULL,'hospital','ravikumar',NULL,'for hospital use','2016-11-23 11:32:31','2016-11-23 11:32:31'),(195,203,NULL,10,'2016-11-23 11:32:50',NULL,'hospital','ravikumar',NULL,'for hospital use','2016-11-23 11:32:50','2016-11-23 11:32:50'),(196,11,NULL,11,'2016-11-23 11:34:55',NULL,'hospital','ravikumar',NULL,'for hospital use','2016-11-23 11:34:55','2016-11-23 11:34:55'),(197,23,NULL,11,'2016-11-23 11:34:55',NULL,'hospital','ravikumar',NULL,'for hospital use','2016-11-23 11:34:55','2016-11-23 11:34:55'),(198,30,NULL,11,'2016-11-23 11:34:55',NULL,'hospital','ravikumar',NULL,'for hospital use','2016-11-23 11:34:55','2016-11-23 11:34:55'),(199,40,NULL,11,'2016-11-23 11:34:55',NULL,'hospital','ravikumar',NULL,'for hospital use','2016-11-23 11:34:55','2016-11-23 11:34:55'),(200,44,NULL,11,'2016-11-23 11:34:55',NULL,'hospital','ravikumar',NULL,'for hospital use','2016-11-23 11:34:55','2016-11-23 11:34:55'),(201,54,NULL,11,'2016-11-23 11:34:55',NULL,'hospital','ravikumar',NULL,'for hospital use','2016-11-23 11:34:55','2016-11-23 11:34:55'),(202,61,NULL,11,'2016-11-23 11:34:55',NULL,'hospital','ravikumar',NULL,'for hospital use','2016-11-23 11:34:55','2016-11-23 11:34:55'),(203,67,NULL,11,'2016-11-23 11:34:55',NULL,'hospital','ravikumar',NULL,'for hospital use','2016-11-23 11:34:55','2016-11-23 11:34:55'),(204,75,NULL,11,'2016-11-23 11:34:55',NULL,'hospital','ravikumar',NULL,'for hospital use','2016-11-23 11:34:55','2016-11-23 11:34:55'),(205,81,NULL,11,'2016-11-23 11:34:55',NULL,'hospital','ravikumar',NULL,'for hospital use','2016-11-23 11:34:55','2016-11-23 11:34:55'),(206,87,NULL,11,'2016-11-23 11:34:55',NULL,'hospital','ravikumar',NULL,'for hospital use','2016-11-23 11:34:55','2016-11-23 11:34:55'),(207,93,NULL,11,'2016-11-23 11:34:55',NULL,'hospital','ravikumar',NULL,'for hospital use','2016-11-23 11:34:55','2016-11-23 11:34:55'),(208,99,NULL,11,'2016-11-23 11:34:55',NULL,'hospital','ravikumar',NULL,'for hospital use','2016-11-23 11:34:55','2016-11-23 11:34:55'),(209,105,NULL,11,'2016-11-23 11:34:55',NULL,'hospital','ravikumar',NULL,'for hospital use','2016-11-23 11:34:55','2016-11-23 11:34:55'),(210,119,NULL,11,'2016-11-23 11:34:55',NULL,'hospital','ravikumar',NULL,'for hospital use','2016-11-23 11:34:55','2016-11-23 11:34:55'),(211,125,NULL,11,'2016-11-23 11:34:55',NULL,'hospital','ravikumar',NULL,'for hospital use','2016-11-23 11:34:55','2016-11-23 11:34:55'),(212,136,NULL,11,'2016-11-23 11:34:55',NULL,'hospital','ravikumar',NULL,'for hospital use','2016-11-23 11:34:55','2016-11-23 11:34:55'),(213,153,NULL,11,'2016-11-23 11:34:55',NULL,'hospital','ravikumar',NULL,'for hospital use','2016-11-23 11:34:55','2016-11-23 11:34:55'),(214,17,NULL,12,'2016-11-23 11:35:35',NULL,'hospital','ravikumar',NULL,'for hospital use','2016-11-23 11:35:35','2016-11-23 11:35:35'),(215,202,NULL,12,'2016-11-23 11:35:35',NULL,'hospital','ravikumar',NULL,'for hospital use','2016-11-23 11:35:35','2016-11-23 11:35:35'),(216,165,NULL,12,'2016-11-23 11:35:35',NULL,'hospital','ravikumar',NULL,'for hospital use','2016-11-23 11:35:35','2016-11-23 11:35:35'),(217,199,NULL,13,'2016-11-23 11:35:52',NULL,'hospital','ravikumar',NULL,'for hospital use','2016-11-23 11:35:52','2016-11-23 11:35:52'),(218,171,NULL,14,'2016-11-23 11:36:07',NULL,'hospital','ravikumar',NULL,'for hospital use','2016-11-23 11:36:07','2016-11-23 11:36:07'),(219,24,NULL,15,'2016-11-23 11:36:31',NULL,'hospital','ravikumar',NULL,'for hospital use','2016-11-23 11:36:31','2016-11-23 11:36:31'),(220,42,NULL,15,'2016-11-23 11:36:31',NULL,'hospital','ravikumar',NULL,'for hospital use','2016-11-23 11:36:31','2016-11-23 11:36:31'),(221,45,NULL,16,'2016-11-23 11:37:20',NULL,'hospital','victor',NULL,'for hospital use','2016-11-23 11:37:20','2016-11-23 11:37:20'),(222,262,NULL,17,'2016-11-23 11:37:39',NULL,'hospital','victor',NULL,'for hospital use','2016-11-23 11:37:39','2016-11-23 11:37:39'),(223,263,NULL,19,'2016-11-23 11:42:25',NULL,'hospital','victor',NULL,'for hospital use','2016-11-23 11:42:25','2016-11-23 11:42:25'),(224,186,NULL,18,'2016-11-23 11:44:05',NULL,'hospital','victor',NULL,'for hospital use','2016-11-23 11:44:05','2016-11-23 11:44:05'),(225,236,NULL,20,'2016-11-24 07:30:51',NULL,'childhospital','ravikumar',NULL,'for child hospital use','2016-11-24 07:30:51','2016-11-24 07:30:51'),(226,241,NULL,20,'2016-11-24 07:30:51',NULL,'childhospital','ravikumar',NULL,'for child hospital use','2016-11-24 07:30:51','2016-11-24 07:30:51'),(227,245,NULL,20,'2016-11-24 07:30:51',NULL,'childhospital','ravikumar',NULL,'for child hospital use','2016-11-24 07:30:51','2016-11-24 07:30:51'),(228,250,NULL,21,'2016-11-24 07:31:31',NULL,'childhospital','ravikumar',NULL,'for child hospital use','2016-11-24 07:31:31','2016-11-24 07:31:31'),(229,237,NULL,22,'2016-11-24 07:32:25',NULL,'childhospital','ravikumar',NULL,'for child hospital use','2016-11-24 07:32:25','2016-11-24 07:32:25'),(230,242,NULL,22,'2016-11-24 07:32:25',NULL,'childhospital','ravikumar',NULL,'for child hospital use','2016-11-24 07:32:25','2016-11-24 07:32:25'),(231,246,NULL,22,'2016-11-24 07:32:25',NULL,'childhospital','ravikumar',NULL,'for child hospital use','2016-11-24 07:32:25','2016-11-24 07:32:25'),(232,251,NULL,22,'2016-11-24 07:32:25',NULL,'childhospital','ravikumar',NULL,'for child hospital use','2016-11-24 07:32:25','2016-11-24 07:32:25'),(233,238,NULL,23,'2016-11-24 07:33:13',NULL,'childhospital','ravikumar',NULL,'','2016-11-24 07:33:13','2016-11-24 07:33:13'),(234,247,NULL,23,'2016-11-24 07:33:13',NULL,'childhospital','ravikumar',NULL,'','2016-11-24 07:33:13','2016-11-24 07:33:13'),(235,252,NULL,23,'2016-11-24 07:33:13',NULL,'childhospital','ravikumar',NULL,'','2016-11-24 07:33:13','2016-11-24 07:33:13'),(237,239,NULL,24,'2016-11-24 07:36:30',NULL,'childhospital','ravikumar',NULL,'for child hospital use','2016-11-24 07:36:30','2016-11-24 07:36:30'),(238,243,NULL,24,'2016-11-24 07:36:30',NULL,'childhospital','ravikumar',NULL,'for child hospital use','2016-11-24 07:36:30','2016-11-24 07:36:30'),(239,253,NULL,24,'2016-11-24 07:36:30',NULL,'childhospital','ravikumar',NULL,'for child hospital use','2016-11-24 07:36:30','2016-11-24 07:36:30'),(240,254,NULL,25,'2016-11-24 07:36:59',NULL,'childhospital','ravikumar',NULL,'for child hospital use','2016-11-24 07:36:59','2016-11-24 07:36:59'),(241,256,NULL,25,'2016-11-24 07:36:59',NULL,'childhospital','ravikumar',NULL,'for child hospital use','2016-11-24 07:36:59','2016-11-24 07:36:59'),(242,248,NULL,26,'2016-11-24 07:37:14',NULL,'childhospital','ravikumar',NULL,'for child hospital use','2016-11-24 07:37:14','2016-11-24 07:37:14'),(243,240,NULL,27,'2016-11-24 07:38:09',NULL,'childhospital','ravikumar',NULL,'for child hospital use','2016-11-24 07:38:09','2016-11-24 07:38:09'),(244,244,NULL,27,'2016-11-24 07:38:09',NULL,'childhospital','ravikumar',NULL,'for child hospital use','2016-11-24 07:38:09','2016-11-24 07:38:09'),(245,249,NULL,27,'2016-11-24 07:38:09',NULL,'childhospital','ravikumar',NULL,'for child hospital use','2016-11-24 07:38:09','2016-11-24 07:38:09'),(246,255,NULL,27,'2016-11-24 07:38:09',NULL,'childhospital','ravikumar',NULL,'for child hospital use','2016-11-24 07:38:09','2016-11-24 07:38:09'),(247,309,NULL,28,'2016-11-28 06:06:07',NULL,'victor','victor',NULL,'hp pro 3330 mt','2016-11-28 06:06:07','2016-11-28 06:06:07'),(248,310,NULL,29,'2016-11-28 06:07:02',NULL,'victor','victor',NULL,'hp 185e','2016-11-28 06:07:02','2016-11-28 06:07:02'),(249,311,NULL,30,'2016-11-28 06:07:28',NULL,'victor','victor',NULL,'hp keyboard','2016-11-28 06:07:28','2016-11-28 06:07:28'),(250,312,NULL,31,'2016-11-28 06:07:48',NULL,'victor','victor',NULL,'hp mouse','2016-11-28 06:07:48','2016-11-28 06:07:48'),(251,313,NULL,32,'2016-11-28 06:08:39',NULL,'victor','victor',NULL,'hp color laserjet m175n','2016-11-28 06:08:39','2016-11-28 06:08:39'),(252,314,NULL,33,'2016-11-28 06:09:14',NULL,'victor','victor',NULL,'ups elnova 1 kv','2016-11-28 06:09:14','2016-11-28 06:09:14'),(253,301,NULL,34,'2016-11-28 06:23:53',NULL,'ranjeet','victor',NULL,'hp 3090 mt','2016-11-28 06:23:53','2016-11-28 06:23:53'),(254,302,NULL,35,'2016-11-28 06:24:18',NULL,'ranjeet','victor',NULL,'hp185e','2016-11-28 06:24:18','2016-11-28 06:24:18'),(255,303,NULL,36,'2016-11-28 06:24:36',NULL,'ranjeet','victor',NULL,'hp mouse','2016-11-28 06:24:36','2016-11-28 06:24:36'),(256,304,NULL,37,'2016-11-28 06:25:07',NULL,'ranjeet','victor',NULL,'apc 1 kv','2016-11-28 06:25:07','2016-11-28 06:25:07'),(257,290,NULL,38,'2016-11-28 06:27:01',NULL,'shobha','victor',NULL,'hp 3330 mt','2016-11-28 06:27:01','2016-11-28 06:27:01'),(258,291,NULL,39,'2016-11-28 06:27:46',NULL,'shobha','victor',NULL,'hp 185e','2016-11-28 06:27:46','2016-11-28 06:27:46'),(259,295,NULL,40,'2016-11-28 06:28:23',NULL,'shobha','victor',NULL,'apc 600va','2016-11-28 06:28:23','2016-11-28 06:28:23'),(260,294,NULL,41,'2016-11-28 06:29:30',NULL,'shobha','victor',NULL,'hp color laserjet m176n','2016-11-28 06:29:30','2016-11-28 06:29:30'),(261,292,NULL,42,'2016-11-28 06:30:00',NULL,'shobha','victor',NULL,'hp keybaord','2016-11-28 06:30:00','2016-11-28 06:30:00'),(262,293,NULL,43,'2016-11-28 06:30:23',NULL,'shobha','victor',NULL,'hp mouse','2016-11-28 06:30:23','2016-11-28 06:30:23'),(263,305,NULL,48,'2016-11-28 06:48:25',NULL,'arun','victor',NULL,'for office use','2016-11-28 06:48:25','2016-11-28 06:48:25'),(264,306,NULL,49,'2016-11-28 06:49:08',NULL,'arun','victor',NULL,'for office use','2016-11-28 06:49:08','2016-11-28 06:49:08'),(265,308,NULL,50,'2016-11-28 06:49:41',NULL,'arun','victor',NULL,'for office use','2016-11-28 06:49:41','2016-11-28 06:49:41'),(266,307,NULL,51,'2016-11-28 06:50:17',NULL,'arun','victor',NULL,'for office use ','2016-11-28 06:50:17','2016-11-28 06:50:17'),(267,286,NULL,44,'2016-11-28 06:51:16',NULL,'sushma','victor',NULL,'for office use','2016-11-28 06:51:16','2016-11-28 06:51:16'),(268,288,NULL,45,'2016-11-28 06:52:16',NULL,'sushma','victor',NULL,'for office use','2016-11-28 06:52:16','2016-11-28 06:52:16'),(269,287,NULL,46,'2016-11-28 06:54:57',NULL,'sushma','victor',NULL,'for office use','2016-11-28 06:54:57','2016-11-28 06:54:57'),(270,289,NULL,47,'2016-11-28 06:55:39',NULL,'sushma','victor',NULL,'for office use','2016-11-28 06:55:39','2016-11-28 06:55:39'),(271,270,NULL,52,'2016-11-28 06:58:45',NULL,'computercell','victor',NULL,'for office use','2016-11-28 06:58:45','2016-11-28 06:58:45'),(272,271,NULL,53,'2016-11-28 06:59:13',NULL,'computercell','victor',NULL,'for office use','2016-11-28 06:59:13','2016-11-28 06:59:13'),(273,272,NULL,54,'2016-11-28 06:59:58',NULL,'computercell','victor',NULL,'for office use','2016-11-28 06:59:58','2016-11-28 06:59:58'),(274,273,NULL,55,'2016-11-28 07:00:43',NULL,'computercell','victor',NULL,'for office use','2016-11-28 07:00:43','2016-11-28 07:00:43'),(275,274,NULL,56,'2016-11-28 07:01:13',NULL,'computercell','victor',NULL,'for office use','2016-11-28 07:01:13','2016-11-28 07:01:13'),(276,275,NULL,57,'2016-11-28 07:01:47',NULL,'ajay','victor',NULL,'for office use','2016-11-28 07:01:47','2016-11-28 07:01:47'),(277,276,NULL,58,'2016-11-28 07:02:44',NULL,'ajay','victor',NULL,'for office use','2016-11-28 07:02:44','2016-11-28 07:02:44'),(278,278,NULL,64,'2016-11-28 07:03:24',NULL,'ajay','victor',NULL,'for office use','2016-11-28 07:03:24','2016-11-28 07:03:24'),(279,279,NULL,66,'2016-11-28 07:05:52',NULL,'ajay','victor',NULL,'for office use','2016-11-28 07:05:52','2016-11-28 07:05:52'),(280,280,NULL,67,'2016-11-28 07:06:25',NULL,'ajay','victor',NULL,'for office use','2016-11-28 07:06:25','2016-11-28 07:06:25'),(281,277,NULL,65,'2016-11-28 07:07:12',NULL,'ajay','victor',NULL,'for office use','2016-11-28 07:07:12','2016-11-28 07:07:12'),(282,281,NULL,59,'2016-11-28 07:12:30',NULL,'satish','victor',NULL,'for office use','2016-11-28 07:12:30','2016-11-28 07:12:30'),(283,282,NULL,60,'2016-11-28 07:12:52',NULL,'satish','victor',NULL,'for office use','2016-11-28 07:12:52','2016-11-28 07:12:52'),(284,283,NULL,61,'2016-11-28 07:13:29',NULL,'satish','victor',NULL,'for office use','2016-11-28 07:13:29','2016-11-28 07:13:29'),(285,284,NULL,62,'2016-11-28 07:14:21',NULL,'satish','victor',NULL,'for office use','2016-11-28 07:14:21','2016-11-28 07:14:21'),(286,285,NULL,63,'2016-11-28 07:14:45',NULL,'satish','victor',NULL,'for office use','2016-11-28 07:14:45','2016-11-28 07:14:45'),(287,264,NULL,68,'2016-11-29 07:43:49',NULL,'ruby','victor',NULL,'for office use ','2016-11-29 07:43:49','2016-11-29 07:43:49'),(288,265,NULL,69,'2016-11-29 07:44:33',NULL,'ruby','victor',NULL,'for office use','2016-11-29 07:44:33','2016-11-29 07:44:33'),(289,266,NULL,70,'2016-11-29 07:44:54',NULL,'ruby','victor',NULL,'for office use','2016-11-29 07:44:54','2016-11-29 07:44:54'),(290,267,NULL,71,'2016-11-29 07:45:14',NULL,'ruby','victor',NULL,'for office use','2016-11-29 07:45:14','2016-11-29 07:45:14'),(291,268,NULL,72,'2016-11-29 07:45:37',NULL,'ruby','victor',NULL,'for office use','2016-11-29 07:45:37','2016-11-29 07:45:37'),(292,269,NULL,73,'2016-11-29 07:46:00',NULL,'ruby','victor',NULL,'for office use','2016-11-29 07:46:00','2016-11-29 07:46:00'),(293,297,NULL,74,'2016-11-29 07:48:12',NULL,'ravikumar','victor',NULL,'for office use','2016-11-29 07:48:12','2016-11-29 07:48:12'),(294,298,NULL,75,'2016-11-29 07:48:34',NULL,'ravikumar','victor',NULL,'for office use','2016-11-29 07:48:34','2016-11-29 07:48:34'),(295,299,NULL,76,'2016-11-29 07:48:56',NULL,'ravikumar','victor',NULL,'for office use','2016-11-29 07:48:56','2016-11-29 07:48:56'),(296,300,NULL,77,'2016-11-29 07:50:49',NULL,'ravikumar','victor',NULL,'for office use','2016-11-29 07:50:49','2016-11-29 07:50:49'),(297,315,NULL,78,'2016-12-01 06:40:00',NULL,'siddharth','ravikumar',NULL,'for office use','2016-12-01 06:40:00','2016-12-01 06:40:00'),(298,316,NULL,79,'2016-12-01 06:40:23',NULL,'siddharth','ravikumar',NULL,'for office use','2016-12-01 06:40:23','2016-12-01 06:40:23'),(299,317,NULL,80,'2016-12-01 06:40:46',NULL,'siddharth','ravikumar',NULL,'for office use','2016-12-01 06:40:46','2016-12-01 06:40:46'),(300,318,NULL,81,'2016-12-01 06:41:10',NULL,'siddharth','ravikumar',NULL,'for office use','2016-12-01 06:41:10','2016-12-01 06:41:10'),(301,319,NULL,82,'2016-12-01 06:41:33',NULL,'siddharth','ravikumar',NULL,'for office use','2016-12-01 06:41:33','2016-12-01 06:41:33'),(302,320,NULL,83,'2016-12-01 06:42:04',NULL,'siddharth','ravikumar',NULL,'for office use','2016-12-01 06:42:04','2016-12-01 06:42:04'),(303,321,NULL,84,'2016-12-01 07:15:49',NULL,'zahid','ravikumar',NULL,'for office use','2016-12-01 07:15:49','2016-12-01 07:15:49'),(304,322,NULL,85,'2016-12-01 07:16:11',NULL,'zahid','ravikumar',NULL,'for office use','2016-12-01 07:16:11','2016-12-01 07:16:11'),(305,326,NULL,86,'2016-12-01 07:17:09',NULL,'zahid','ravikumar',NULL,'for office use','2016-12-01 07:17:09','2016-12-01 07:17:09'),(306,324,NULL,87,'2016-12-01 07:17:33',NULL,'zahid','ravikumar',NULL,'for office use','2016-12-01 07:17:33','2016-12-01 07:17:33'),(307,323,NULL,88,'2016-12-01 07:17:54',NULL,'zahid','ravikumar',NULL,'for office use','2016-12-01 07:17:54','2016-12-01 07:17:54'),(308,325,NULL,89,'2016-12-01 07:18:14',NULL,'zahid','ravikumar',NULL,'for office use','2016-12-01 07:18:14','2016-12-01 07:18:14'),(309,352,NULL,90,'2016-12-01 08:59:23',NULL,'ajit','victor',NULL,'for offiice use','2016-12-01 08:59:23','2016-12-01 08:59:23'),(310,351,NULL,91,'2016-12-01 09:28:20',NULL,'tendercell','victor',NULL,'for office use','2016-12-01 09:28:20','2016-12-01 09:28:20'),(311,327,NULL,92,'2016-12-01 11:13:04',NULL,'gschilwal','victor',NULL,'for office use','2016-12-01 11:13:04','2016-12-01 11:13:04'),(312,328,NULL,93,'2016-12-01 11:13:49',NULL,'gschilwal','victor',NULL,'for office use','2016-12-01 11:13:49','2016-12-01 11:13:49'),(313,330,NULL,94,'2016-12-01 11:14:19',NULL,'gschilwal','victor',NULL,'for office use','2016-12-01 11:14:19','2016-12-01 11:14:19'),(314,329,NULL,95,'2016-12-01 11:14:45',NULL,'gschilwal','victor',NULL,'for office use','2016-12-01 11:14:45','2016-12-01 11:14:45'),(315,332,NULL,96,'2016-12-01 11:15:32',NULL,'gschilwal','victor',NULL,'for office use','2016-12-01 11:15:32','2016-12-01 11:15:32'),(316,331,NULL,97,'2016-12-01 11:15:52',NULL,'gschilwal','victor',NULL,'for office use','2016-12-01 11:15:52','2016-12-01 11:15:52'),(317,333,NULL,98,'2016-12-01 11:17:11',NULL,'instiutional','victor',NULL,'for office use','2016-12-01 11:17:11','2016-12-01 11:17:11'),(318,340,NULL,99,'2016-12-01 11:18:19',NULL,'instiutional','victor',NULL,'for office use','2016-12-01 11:18:19','2016-12-01 11:18:19'),(319,345,NULL,99,'2016-12-01 11:18:19',NULL,'instiutional','victor',NULL,'for office use','2016-12-01 11:18:19','2016-12-01 11:18:19'),(320,341,NULL,100,'2016-12-01 11:19:00',NULL,'instiutional','victor',NULL,'for office use','2016-12-01 11:19:00','2016-12-01 11:19:00'),(321,346,NULL,100,'2016-12-01 11:19:00',NULL,'instiutional','victor',NULL,'for office use','2016-12-01 11:19:00','2016-12-01 11:19:00'),(322,334,NULL,101,'2016-12-01 11:19:50',NULL,'instiutional','victor',NULL,'for office use','2016-12-01 11:19:50','2016-12-01 11:19:50'),(323,342,NULL,102,'2016-12-01 11:21:45',NULL,'instiutional','victor',NULL,'for office use','2016-12-01 11:21:45','2016-12-01 11:21:45'),(324,347,NULL,102,'2016-12-01 11:21:45',NULL,'instiutional','victor',NULL,'for office use','2016-12-01 11:21:45','2016-12-01 11:21:45'),(325,335,NULL,102,'2016-12-01 11:21:45',NULL,'instiutional','victor',NULL,'for office use','2016-12-01 11:21:45','2016-12-01 11:21:45'),(326,336,NULL,103,'2016-12-01 11:22:35',NULL,'instiutional','victor',NULL,'for office use','2016-12-01 11:22:35','2016-12-01 11:22:35'),(327,343,NULL,103,'2016-12-01 11:22:35',NULL,'instiutional','victor',NULL,'for office use','2016-12-01 11:22:35','2016-12-01 11:22:35'),(328,348,NULL,103,'2016-12-01 11:22:35',NULL,'instiutional','victor',NULL,'for office use','2016-12-01 11:22:35','2016-12-01 11:22:35'),(329,344,NULL,104,'2016-12-01 11:23:39',NULL,'instiutional','victor',NULL,'for office use','2016-12-01 11:23:39','2016-12-01 11:23:39'),(330,350,NULL,104,'2016-12-01 11:23:39',NULL,'instiutional','victor',NULL,'for office use','2016-12-01 11:23:39','2016-12-01 11:23:39'),(331,338,NULL,104,'2016-12-01 11:23:39',NULL,'instiutional','victor',NULL,'for office use','2016-12-01 11:23:39','2016-12-01 11:23:39'),(332,337,NULL,105,'2016-12-01 11:25:05',NULL,'instiutional','victor',NULL,'for office use','2016-12-01 11:25:05','2016-12-01 11:25:05'),(333,349,NULL,106,'2016-12-01 11:25:30',NULL,'instiutional','victor',NULL,'for office use','2016-12-01 11:25:30','2016-12-01 11:25:30'),(334,339,NULL,114,'2016-12-01 11:27:21',NULL,'instiutional','victor',NULL,'for office use','2016-12-01 11:27:21','2016-12-01 11:27:21'),(335,353,NULL,108,'2016-12-01 11:35:08',NULL,'ravi','victor',NULL,'for office use','2016-12-01 11:35:08','2016-12-01 11:35:08'),(336,354,NULL,109,'2016-12-01 11:35:39',NULL,'ravi','victor',NULL,'for office use','2016-12-01 11:35:39','2016-12-01 11:35:39'),(337,356,NULL,110,'2016-12-01 11:36:20',NULL,'ravi','victor',NULL,'for office use','2016-12-01 11:36:20','2016-12-01 11:36:20'),(338,355,NULL,111,'2016-12-01 11:43:42',NULL,'ravi','victor',NULL,'for office use','2016-12-01 11:43:42','2016-12-01 11:43:42'),(339,357,NULL,112,'2016-12-01 11:45:12',NULL,'ravi','victor',NULL,'for office use','2016-12-01 11:45:12','2016-12-01 11:45:12'),(340,365,NULL,112,'2016-12-01 11:45:12',NULL,'ravi','victor',NULL,'for office use','2016-12-01 11:45:12','2016-12-01 11:45:12'),(341,358,NULL,113,'2016-12-01 11:45:50',NULL,'ravi','victor',NULL,'for office use','2016-12-01 11:45:50','2016-12-01 11:45:50'),(342,384,NULL,115,'2016-12-01 11:48:00',NULL,'abid','victor',NULL,'for office use','2016-12-01 11:48:00','2016-12-01 11:48:00'),(343,385,NULL,116,'2016-12-01 11:50:08',NULL,'abid','victor',NULL,'for office use','2016-12-01 11:50:08','2016-12-01 11:50:08'),(344,386,NULL,117,'2016-12-01 11:50:28',NULL,'abid','victor',NULL,'for office use','2016-12-01 11:50:28','2016-12-01 11:50:28'),(345,387,NULL,118,'2016-12-01 11:50:57',NULL,'abid','victor',NULL,'for office use','2016-12-01 11:50:57','2016-12-01 11:50:57'),(346,389,NULL,119,'2016-12-01 11:52:31',NULL,'abid','victor',NULL,'for office use only','2016-12-01 11:52:31','2016-12-01 11:52:31'),(347,388,NULL,120,'2016-12-01 11:53:16',NULL,'abid','victor',NULL,'for office use','2016-12-01 11:53:16','2016-12-01 11:53:16'),(348,390,NULL,121,'2016-12-01 11:55:12',NULL,'manju','victor',NULL,'for office use','2016-12-01 11:55:12','2016-12-01 11:55:12'),(349,391,NULL,122,'2016-12-01 11:55:39',NULL,'manju','victor',NULL,'for office use','2016-12-01 11:55:39','2016-12-01 11:55:39'),(350,392,NULL,123,'2016-12-01 11:56:02',NULL,'manju','victor',NULL,'for office use','2016-12-01 11:56:02','2016-12-01 11:56:02'),(351,393,NULL,124,'2016-12-01 11:56:21',NULL,'manju','victor',NULL,'for office use','2016-12-01 11:56:21','2016-12-01 11:56:21'),(352,395,NULL,125,'2016-12-01 11:56:45',NULL,'manju','victor',NULL,'for office use','2016-12-01 11:56:45','2016-12-01 11:56:45'),(353,394,NULL,126,'2016-12-01 11:58:13',NULL,'manju','victor',NULL,'for office use','2016-12-01 11:58:13','2016-12-01 11:58:13'),(354,396,NULL,127,'2016-12-01 11:59:34',NULL,'omprakash','victor',NULL,'for office use','2016-12-01 11:59:34','2016-12-01 11:59:34'),(355,397,NULL,128,'2016-12-01 11:59:55',NULL,'omprakash','victor',NULL,'for office use','2016-12-01 11:59:55','2016-12-01 11:59:55'),(356,398,NULL,129,'2016-12-01 12:00:16',NULL,'omprakash','victor',NULL,'for office use','2016-12-01 12:00:16','2016-12-01 12:00:16'),(357,399,NULL,130,'2016-12-01 12:00:33',NULL,'omprakash','victor',NULL,'for office use','2016-12-01 12:00:33','2016-12-01 12:00:33'),(358,401,NULL,131,'2016-12-01 12:01:04',NULL,'omprakash','victor',NULL,'for office use','2016-12-01 12:01:04','2016-12-01 12:01:04'),(359,402,NULL,132,'2016-12-01 12:01:24',NULL,'omprakash','victor',NULL,'for office use','2016-12-01 12:01:24','2016-12-01 12:01:24'),(360,403,NULL,133,'2016-12-01 12:03:14',NULL,'tendercell','victor',NULL,'for office use','2016-12-01 12:03:14','2016-12-01 12:03:14'),(361,378,NULL,133,'2016-12-01 12:03:14',NULL,'tendercell','victor',NULL,'for office use','2016-12-01 12:03:14','2016-12-01 12:03:14'),(362,366,NULL,133,'2016-12-01 12:03:14',NULL,'tendercell','victor',NULL,'for office use','2016-12-01 12:03:14','2016-12-01 12:03:14'),(363,359,NULL,133,'2016-12-01 12:03:14',NULL,'tendercell','victor',NULL,'for office use','2016-12-01 12:03:14','2016-12-01 12:03:14'),(364,372,NULL,134,'2016-12-01 12:04:23',NULL,'tendercell','victor',NULL,'for office use','2016-12-01 12:04:23','2016-12-01 12:04:23'),(365,379,NULL,135,'2016-12-01 12:04:45',NULL,'tendercell','victor',NULL,'for office use','2016-12-01 12:04:45','2016-12-01 12:04:45'),(366,373,NULL,136,'2016-12-01 12:06:13',NULL,'tendercell','victor',NULL,'for office use','2016-12-01 12:06:13','2016-12-01 12:06:13'),(367,404,NULL,136,'2016-12-01 12:06:13',NULL,'tendercell','victor',NULL,'for office use','2016-12-01 12:06:13','2016-12-01 12:06:13'),(368,360,NULL,136,'2016-12-01 12:06:13',NULL,'tendercell','victor',NULL,'for office use','2016-12-01 12:06:13','2016-12-01 12:06:13'),(369,367,NULL,136,'2016-12-01 12:06:13',NULL,'tendercell','victor',NULL,'for office use','2016-12-01 12:06:13','2016-12-01 12:06:13'),(370,405,NULL,137,'2016-12-01 12:08:32',NULL,'tendercell','victor',NULL,'for office use','2016-12-01 12:08:32','2016-12-01 12:08:32'),(371,380,NULL,137,'2016-12-01 12:08:32',NULL,'tendercell','victor',NULL,'for office use','2016-12-01 12:08:32','2016-12-01 12:08:32'),(372,374,NULL,137,'2016-12-01 12:08:32',NULL,'tendercell','victor',NULL,'for office use','2016-12-01 12:08:32','2016-12-01 12:08:32'),(373,368,NULL,137,'2016-12-01 12:08:32',NULL,'tendercell','victor',NULL,'for office use','2016-12-01 12:08:32','2016-12-01 12:08:32'),(374,361,NULL,137,'2016-12-01 12:08:32',NULL,'tendercell','victor',NULL,'for office use','2016-12-01 12:08:32','2016-12-01 12:08:32'),(375,369,NULL,138,'2016-12-01 12:09:58',NULL,'tendercell','victor',NULL,'for office use','2016-12-01 12:09:58','2016-12-01 12:09:58'),(376,375,NULL,138,'2016-12-01 12:09:58',NULL,'tendercell','victor',NULL,'for office use','2016-12-01 12:09:58','2016-12-01 12:09:58'),(377,381,NULL,138,'2016-12-01 12:09:58',NULL,'tendercell','victor',NULL,'for office use','2016-12-01 12:09:58','2016-12-01 12:09:58'),(378,406,NULL,138,'2016-12-01 12:09:58',NULL,'tendercell','victor',NULL,'for office use','2016-12-01 12:09:58','2016-12-01 12:09:58'),(379,362,NULL,138,'2016-12-01 12:09:58',NULL,'tendercell','victor',NULL,'for office use','2016-12-01 12:09:58','2016-12-01 12:09:58'),(380,364,NULL,139,'2016-12-01 12:11:44',NULL,'tendercell','victor',NULL,'for office use','2016-12-01 12:11:44','2016-12-01 12:11:44'),(381,371,NULL,139,'2016-12-01 12:11:44',NULL,'tendercell','victor',NULL,'for office use','2016-12-01 12:11:44','2016-12-01 12:11:44'),(382,377,NULL,139,'2016-12-01 12:11:44',NULL,'tendercell','victor',NULL,'for office use','2016-12-01 12:11:44','2016-12-01 12:11:44'),(383,408,NULL,139,'2016-12-01 12:11:44',NULL,'tendercell','victor',NULL,'for office use','2016-12-01 12:11:44','2016-12-01 12:11:44'),(384,383,NULL,139,'2016-12-01 12:11:44',NULL,'tendercell','victor',NULL,'for office use','2016-12-01 12:11:44','2016-12-01 12:11:44'),(385,407,NULL,141,'2016-12-01 12:14:18',NULL,'tendercell','victor',NULL,'for office use','2016-12-01 12:14:18','2016-12-01 12:14:18'),(386,400,NULL,142,'2016-12-01 12:14:42',NULL,'tendercell','victor',NULL,'for office use','2016-12-01 12:14:42','2016-12-01 12:14:42'),(387,382,NULL,140,'2016-12-01 12:15:42',NULL,'tendercell','victor',NULL,'for office use','2016-12-01 12:15:42','2016-12-01 12:15:42'),(388,370,NULL,140,'2016-12-01 12:15:42',NULL,'tendercell','victor',NULL,'for office use','2016-12-01 12:15:42','2016-12-01 12:15:42'),(389,376,NULL,140,'2016-12-01 12:15:42',NULL,'tendercell','victor',NULL,'for office use','2016-12-01 12:15:42','2016-12-01 12:15:42'),(390,363,NULL,140,'2016-12-01 12:15:42',NULL,'tendercell','victor',NULL,'for office use','2016-12-01 12:15:42','2016-12-01 12:15:42'),(394,410,NULL,143,'2016-12-02 06:57:37',NULL,'hospital','victor',NULL,'for office use','2016-12-02 06:57:37','2016-12-02 06:57:37'),(395,411,NULL,143,'2016-12-02 06:57:37',NULL,'hospital','victor',NULL,'for office use','2016-12-02 06:57:37','2016-12-02 06:57:37'),(396,412,NULL,143,'2016-12-02 06:57:37',NULL,'hospital','victor',NULL,'for office use','2016-12-02 06:57:37','2016-12-02 06:57:37'),(397,413,NULL,144,'2016-12-02 06:58:04',NULL,'hospital','victor',NULL,'for office use','2016-12-02 06:58:04','2016-12-02 06:58:04'),(398,409,NULL,145,'2016-12-02 06:58:26',NULL,'dhirend','victor',NULL,'for office use','2016-12-02 06:58:26','2016-12-02 06:58:26'),(399,414,NULL,150,'2016-12-02 07:52:50',NULL,'amit','ravikumar',NULL,'for office use','2016-12-02 07:52:50','2016-12-02 07:52:50'),(400,415,NULL,151,'2016-12-02 07:53:14',NULL,'amit','ravikumar',NULL,'for office use','2016-12-02 07:53:14','2016-12-02 07:53:14'),(401,416,NULL,152,'2016-12-02 07:53:34',NULL,'amit','ravikumar',NULL,'for office use','2016-12-02 07:53:34','2016-12-02 07:53:34'),(402,417,NULL,153,'2016-12-02 07:53:52',NULL,'amit','ravikumar',NULL,'for office use','2016-12-02 07:53:52','2016-12-02 07:53:52'),(403,419,NULL,154,'2016-12-02 07:54:19',NULL,'amit','ravikumar',NULL,'for office use','2016-12-02 07:54:19','2016-12-02 07:54:19'),(404,420,NULL,155,'2016-12-02 07:54:49',NULL,'amit','ravikumar',NULL,'for office use','2016-12-02 07:54:49','2016-12-02 07:54:49'),(405,418,NULL,156,'2016-12-02 07:55:08',NULL,'amit','ravikumar',NULL,'for office use','2016-12-02 07:55:08','2016-12-02 07:55:08'),(406,421,NULL,157,'2016-12-02 07:55:27',NULL,'vandana','ravikumar',NULL,'for office use','2016-12-02 07:55:27','2016-12-02 07:55:27'),(407,422,NULL,158,'2016-12-02 07:55:49',NULL,'vandana','ravikumar',NULL,'for office use','2016-12-02 07:55:49','2016-12-02 07:55:49'),(408,423,NULL,159,'2016-12-02 07:56:06',NULL,'vandana','ravikumar',NULL,'for office use','2016-12-02 07:56:06','2016-12-02 07:56:06'),(409,424,NULL,160,'2016-12-02 07:56:26',NULL,'vandana','ravikumar',NULL,'for office use','2016-12-02 07:56:26','2016-12-02 07:56:26'),(410,426,NULL,161,'2016-12-02 07:56:49',NULL,'vandana','ravikumar',NULL,'for office use','2016-12-02 07:56:49','2016-12-02 07:56:49'),(411,425,NULL,162,'2016-12-02 07:57:11',NULL,'vandana','ravikumar',NULL,'for office use','2016-12-02 07:57:11','2016-12-02 07:57:11'),(412,427,NULL,163,'2016-12-02 08:45:46',NULL,'ankit','ravikumar',NULL,'for office use','2016-12-02 08:45:46','2016-12-02 08:45:46'),(413,449,NULL,164,'2016-12-02 10:12:17',NULL,'parul','ravikumar',NULL,'for office use','2016-12-02 10:12:17','2016-12-02 10:12:17'),(414,450,NULL,165,'2016-12-02 10:12:49',NULL,'parul','ravikumar',NULL,'for office use','2016-12-02 10:12:49','2016-12-02 10:12:49'),(415,452,NULL,166,'2016-12-02 10:13:19',NULL,'parul','ravikumar',NULL,'for office use','2016-12-02 10:13:19','2016-12-02 10:13:19'),(416,451,NULL,167,'2016-12-02 10:13:39',NULL,'parul','ravikumar',NULL,'for office use','2016-12-02 10:13:39','2016-12-02 10:13:39'),(417,454,NULL,168,'2016-12-02 10:14:10',NULL,'parul','ravikumar',NULL,'for office use','2016-12-02 10:14:10','2016-12-02 10:14:10'),(418,453,NULL,169,'2016-12-02 10:14:30',NULL,'parul','ravikumar',NULL,'for office use','2016-12-02 10:14:30','2016-12-02 10:14:30'),(419,428,NULL,170,'2016-12-02 10:19:35',NULL,'rajeev','victor',NULL,'for office use','2016-12-02 10:19:35','2016-12-02 10:19:35'),(420,429,NULL,171,'2016-12-02 10:19:58',NULL,'rajeev','victor',NULL,'for office use','2016-12-02 10:19:58','2016-12-02 10:19:58'),(421,431,NULL,172,'2016-12-02 10:20:25',NULL,'rajeev','victor',NULL,'for office use','2016-12-02 10:20:25','2016-12-02 10:20:25'),(422,430,NULL,173,'2016-12-02 10:20:46',NULL,'rajeev','victor',NULL,'for office use','2016-12-02 10:20:46','2016-12-02 10:20:46'),(423,432,NULL,174,'2016-12-02 10:21:14',NULL,'rajeev','victor',NULL,'for office use','2016-12-02 10:21:14','2016-12-02 10:21:14'),(424,433,NULL,175,'2016-12-02 10:21:35',NULL,'rajeev','victor',NULL,'for office use','2016-12-02 10:21:35','2016-12-02 10:21:35'),(425,434,NULL,176,'2016-12-02 10:22:05',NULL,'rcparihar','victor',NULL,'for office use','2016-12-02 10:22:05','2016-12-02 10:22:05'),(426,435,NULL,177,'2016-12-02 10:22:22',NULL,'rcparihar','victor',NULL,'for office use','2016-12-02 10:22:22','2016-12-02 10:22:22'),(427,436,NULL,178,'2016-12-02 10:22:41',NULL,'rcparihar','victor',NULL,'for office use','2016-12-02 10:22:41','2016-12-02 10:22:41'),(428,437,NULL,179,'2016-12-02 10:23:02',NULL,'rcparihar','victor',NULL,'for office use','2016-12-02 10:23:02','2016-12-02 10:23:02'),(429,438,NULL,180,'2016-12-02 10:23:21',NULL,'rcparihar','victor',NULL,'for office use','2016-12-02 10:23:21','2016-12-02 10:23:21'),(430,439,NULL,181,'2016-12-02 10:23:42',NULL,'rcparihar','victor',NULL,'for office use','2016-12-02 10:23:42','2016-12-02 10:23:42'),(431,440,NULL,182,'2016-12-02 10:33:56',NULL,'bhuvan','ravikumar',NULL,'for office use','2016-12-02 10:33:56','2016-12-02 10:33:56'),(432,441,NULL,183,'2016-12-02 10:34:21',NULL,'bhuvan','ravikumar',NULL,'for office use','2016-12-02 10:34:21','2016-12-02 10:34:21'),(433,442,NULL,184,'2016-12-02 10:34:44',NULL,'bhuvan','ravikumar',NULL,'for office use','2016-12-02 10:34:44','2016-12-02 10:34:44'),(434,446,NULL,185,'2016-12-02 10:35:03',NULL,'bhuvan','ravikumar',NULL,'for office use','2016-12-02 10:35:03','2016-12-02 10:35:03'),(435,447,NULL,186,'2016-12-02 10:35:25',NULL,'bhuvan','ravikumar',NULL,'for office use','2016-12-02 10:35:25','2016-12-02 10:35:25'),(436,448,NULL,187,'2016-12-02 10:35:46',NULL,'bhuvan','ravikumar',NULL,'for office use','2016-12-02 10:35:46','2016-12-02 10:35:46'),(437,455,NULL,188,'2016-12-02 10:36:39',NULL,'amitpandey','ravikumar',NULL,'for office use','2016-12-02 10:36:39','2016-12-02 10:36:39'),(438,456,NULL,189,'2016-12-02 10:37:30',NULL,'amitpandey','ravikumar',NULL,'for office use','2016-12-02 10:37:30','2016-12-02 10:37:30'),(439,457,NULL,190,'2016-12-02 10:37:53',NULL,'amitpandey','ravikumar',NULL,'for office use','2016-12-02 10:37:53','2016-12-02 10:37:53'),(440,458,NULL,191,'2016-12-02 10:38:19',NULL,'amitpandey','ravikumar',NULL,'for oofice use','2016-12-02 10:38:19','2016-12-02 10:38:19'),(441,459,NULL,192,'2016-12-02 10:38:40',NULL,'amitpandey','ravikumar',NULL,'for office use','2016-12-02 10:38:40','2016-12-02 10:38:40'),(442,460,NULL,193,'2016-12-02 10:39:03',NULL,'amitpandey','ravikumar',NULL,'for office use','2016-12-02 10:39:03','2016-12-02 10:39:03'),(443,467,NULL,194,'2016-12-02 10:40:22',NULL,'lpsingh','ravikumar',NULL,'for office use','2016-12-02 10:40:22','2016-12-02 10:40:22'),(444,468,NULL,195,'2016-12-02 10:42:11',NULL,'lpsingh','ravikumar',NULL,'for office use','2016-12-02 10:42:11','2016-12-02 10:42:11'),(445,469,NULL,196,'2016-12-02 10:42:38',NULL,'lpsingh','ravikumar',NULL,'for office use','2016-12-02 10:42:38','2016-12-02 10:42:38'),(446,470,NULL,197,'2016-12-02 10:42:51',NULL,'lpsingh','ravikumar',NULL,'for office use','2016-12-02 10:42:51','2016-12-02 10:42:51'),(447,471,NULL,198,'2016-12-02 10:43:28',NULL,'lpsingh','ravikumar',NULL,'for office use','2016-12-02 10:43:28','2016-12-02 10:43:28'),(448,472,NULL,199,'2016-12-02 10:43:58',NULL,'lpsingh','ravikumar',NULL,'for office use','2016-12-02 10:43:58','2016-12-02 10:43:58'),(449,473,NULL,200,'2016-12-02 10:44:32',NULL,'santoshkumar','ravikumar',NULL,'for office use','2016-12-02 10:44:32','2016-12-02 10:44:32'),(450,474,NULL,201,'2016-12-02 10:44:47',NULL,'santoshkumar','ravikumar',NULL,'for office use','2016-12-02 10:44:47','2016-12-02 10:44:47'),(451,475,NULL,202,'2016-12-02 10:45:05',NULL,'santoshkumar','ravikumar',NULL,'for office use','2016-12-02 10:45:05','2016-12-02 10:45:05'),(452,476,NULL,203,'2016-12-02 10:45:19',NULL,'santoshkumar','ravikumar',NULL,'for office use','2016-12-02 10:45:19','2016-12-02 10:45:19'),(453,477,NULL,204,'2016-12-02 10:45:31',NULL,'santoshkumar','ravikumar',NULL,'for office use','2016-12-02 10:45:31','2016-12-02 10:45:31'),(454,461,NULL,205,'2016-12-02 10:46:10',NULL,'commercial','ravikumar',NULL,'for office use','2016-12-02 10:46:10','2016-12-02 10:46:10'),(455,462,NULL,206,'2016-12-02 10:46:24',NULL,'commercial','ravikumar',NULL,'for office use','2016-12-02 10:46:24','2016-12-02 10:46:24'),(456,463,NULL,207,'2016-12-02 10:46:39',NULL,'commercial','ravikumar',NULL,'for office use','2016-12-02 10:46:39','2016-12-02 10:46:39'),(457,464,NULL,208,'2016-12-02 10:46:58',NULL,'commercial','ravikumar',NULL,'for office use','2016-12-02 10:46:58','2016-12-02 10:46:58'),(458,465,NULL,209,'2016-12-02 10:47:12',NULL,'commercial','ravikumar',NULL,'for office use','2016-12-02 10:47:12','2016-12-02 10:47:12'),(459,466,NULL,210,'2016-12-02 10:47:29',NULL,'commercial','ravikumar',NULL,'for office use','2016-12-02 10:47:29','2016-12-02 10:47:29'),(460,478,NULL,212,'2016-12-05 08:19:41',NULL,'pawanhealth','victor',NULL,'for office use','2016-12-05 08:19:41','2016-12-05 08:19:41'),(461,479,NULL,213,'2016-12-05 08:20:01',NULL,'pawanhealth','victor',NULL,'for office use','2016-12-05 08:20:01','2016-12-05 08:20:01'),(462,483,NULL,214,'2016-12-05 08:20:21',NULL,'pawanhealth','victor',NULL,'for office use','2016-12-05 08:20:21','2016-12-05 08:20:21'),(463,482,NULL,215,'2016-12-05 08:20:45',NULL,'sunilhealth','victor',NULL,'for office use','2016-12-05 08:20:45','2016-12-05 08:20:45'),(464,484,NULL,216,'2016-12-05 08:21:05',NULL,'sunilhealth','victor',NULL,'for office use','2016-12-05 08:21:05','2016-12-05 08:21:05'),(465,485,NULL,217,'2016-12-05 08:28:10',NULL,'instiutional','victor',NULL,'for replace 000336','2016-12-05 08:28:10','2016-12-05 08:28:10'),(466,488,NULL,218,'2016-12-05 09:01:22',NULL,'upender','victor',NULL,'for repalce toner','2016-12-05 09:01:22','2016-12-05 09:01:22'),(467,490,NULL,220,'2016-12-05 09:26:00',NULL,'permndera','victor',NULL,'toner repalce','2016-12-05 09:26:00','2016-12-05 09:26:00'),(468,491,NULL,221,'2016-12-05 09:33:04',NULL,'upendercivil','ravikumar',NULL,'for repalce mouse','2016-12-05 09:33:04','2016-12-05 09:33:04'),(469,522,NULL,225,'2016-12-05 10:11:54',NULL,'shrikant','ravikumar',NULL,'for toner replace','2016-12-05 10:11:54','2016-12-05 10:11:54'),(470,523,NULL,226,'2016-12-05 10:31:48',NULL,'anilkumar','ravikumar',NULL,'repalce keybaord','2016-12-05 10:31:48','2016-12-05 10:31:48'),(471,524,NULL,227,'2016-12-05 10:38:37',NULL,'anilkumar','victor',NULL,'replace old','2016-12-05 10:38:37','2016-12-05 10:38:37'),(472,527,NULL,228,'2016-12-05 11:25:33',NULL,'shanu','ravikumar',NULL,'for use external laptop','2016-12-05 11:25:33','2016-12-05 11:25:33'),(473,525,NULL,229,'2016-12-05 11:26:20',NULL,'shanu','ravikumar',NULL,'for use external laptop','2016-12-05 11:26:20','2016-12-05 11:26:20'),(474,526,NULL,230,'2016-12-05 11:26:47',NULL,'shanu','ravikumar',NULL,'for use external laptop','2016-12-05 11:26:47','2016-12-05 11:26:47'),(475,529,NULL,231,'2016-12-05 11:33:32',NULL,'anurag','victor',NULL,'for replcae toner to old','2016-12-05 11:33:32','2016-12-05 11:33:32');
/*!40000 ALTER TABLE `asset_issue` ENABLE KEYS */;
UNLOCK TABLES;

--
-- Table structure for table `asset_main_type`
--

DROP TABLE IF EXISTS `asset_main_type`;
/*!40101 SET @saved_cs_client     = @@character_set_client */;
/*!40101 SET character_set_client = utf8 */;
CREATE TABLE `asset_main_type` (
  `ID` int(11) NOT NULL AUTO_INCREMENT,
  `MAIN_TYPE` varchar(45) NOT NULL,
  `DESCRIPTION` varchar(500) DEFAULT NULL,
  `CREATED_TIME` datetime DEFAULT NULL,
  `UPDATED_TIME` datetime DEFAULT NULL,
  PRIMARY KEY (`ID`),
  UNIQUE KEY `MAIN_TYPE_UNIQUE` (`MAIN_TYPE`)
) ENGINE=InnoDB AUTO_INCREMENT=14 DEFAULT CHARSET=latin1;
/*!40101 SET character_set_client = @saved_cs_client */;

--
-- Dumping data for table `asset_main_type`
--

LOCK TABLES `asset_main_type` WRITE;
/*!40000 ALTER TABLE `asset_main_type` DISABLE KEYS */;
INSERT INTO `asset_main_type` VALUES (1,'CPU','CPU','2016-11-18 08:21:46','2016-11-18 08:21:46'),(3,'Server','Server','2016-11-18 08:57:33','2016-11-18 08:57:33'),(4,'TFT/ LED','Screens',NULL,'2016-11-18 09:03:55'),(5,'Printer ','Printers ',NULL,'2016-11-21 09:58:11'),(6,'UPS','UPS','2016-11-18 08:59:23','2016-11-18 08:59:23'),(7,'Networking Accessories','All Networking Accessories','2016-11-18 09:00:33','2016-11-18 09:00:33'),(8,'Computer Accessorie','All computer Accessories',NULL,'2016-11-21 09:18:11'),(9,'Laptop','Laptops','2016-11-18 09:02:27','2016-11-18 09:02:27'),(10,'Toners','All types of toners','2016-11-18 09:02:51','2016-11-18 09:02:51'),(11,'Mouse','Mouse','2016-11-21 09:17:21','2016-11-21 09:17:21'),(12,'Keyboard','Keyboard','2016-11-21 09:17:48','2016-11-21 09:17:48'),(13,'Scanner','Scanner','2016-11-21 09:58:47','2016-11-21 09:58:47');
/*!40000 ALTER TABLE `asset_main_type` ENABLE KEYS */;
UNLOCK TABLES;

--
-- Table structure for table `asset_sub_type`
--

DROP TABLE IF EXISTS `asset_sub_type`;
/*!40101 SET @saved_cs_client     = @@character_set_client */;
/*!40101 SET character_set_client = utf8 */;
CREATE TABLE `asset_sub_type` (
  `ID` int(11) NOT NULL AUTO_INCREMENT,
  `MAIN_TYPE_ID` int(11) NOT NULL,
  `SUB_TYPE` varchar(45) NOT NULL,
  `MAKE` varchar(45) DEFAULT NULL,
  `DESCRIPTION` varchar(500) DEFAULT NULL,
  `CREATED_TIME` datetime DEFAULT NULL,
  `UPDATED_TIME` datetime DEFAULT NULL,
  PRIMARY KEY (`ID`),
  KEY `MAIN_TYPE_ID_FK_idx` (`MAIN_TYPE_ID`),
  CONSTRAINT `MAIN_TYPE_ID_FK` FOREIGN KEY (`MAIN_TYPE_ID`) REFERENCES `asset_main_type` (`ID`) ON DELETE CASCADE ON UPDATE CASCADE
) ENGINE=InnoDB AUTO_INCREMENT=50 DEFAULT CHARSET=latin1;
/*!40101 SET character_set_client = @saved_cs_client */;

--
-- Dumping data for table `asset_sub_type`
--

LOCK TABLES `asset_sub_type` WRITE;
/*!40000 ALTER TABLE `asset_sub_type` DISABLE KEYS */;
INSERT INTO `asset_sub_type` VALUES (3,4,'15\" TFT/ LED','HP','Computer Screen',NULL,'2016-11-18 09:06:33'),(4,4,'18\" TFT/ LED','HP','Screen','2016-11-18 09:05:58','2016-11-18 09:05:58'),(5,4,'21\" TFT/ LED','HP','Computer Screen','2016-11-18 09:07:56','2016-11-18 09:07:56'),(6,1,'2000 Series','HP','CPU','2016-11-18 09:08:32','2016-11-18 09:08:32'),(7,1,'3000 Series','HP','CPU','2016-11-18 09:10:54','2016-11-18 09:10:54'),(8,1,'7000 Series','HP','CPU',NULL,'2016-11-18 09:36:15'),(9,1,'200 Series','HP','CPU','2016-11-18 09:37:22','2016-11-18 09:37:22'),(10,5,'Mono 1000 Series','HP','1000 series mono printer','2016-11-18 09:38:39','2016-11-18 09:38:39'),(11,11,'Mouse-Wired','HP','Mouse',NULL,'2016-11-21 09:18:47'),(12,11,'Mouse-Wireless','HP','Mouse-Wireless',NULL,'2016-11-21 09:19:25'),(13,12,'Keyboard-Wired','HP','Keyboard-Wired',NULL,'2016-11-21 09:19:58'),(14,12,'Keyboard-Wireless','HP','Keyboard-Wireless',NULL,'2016-11-21 09:20:15'),(15,6,'600 VA','','UPS 600VA','2016-11-21 07:58:31','2016-11-21 07:58:31'),(16,6,'1100VA','','UPS 1100VA','2016-11-21 07:59:01','2016-11-21 07:59:01'),(17,5,'Mono 2000 Series ','HP','Mono 2000 Series printer','2016-11-21 08:00:38','2016-11-21 08:00:38'),(18,5,'Laserjet All In one','HP','Laserjet All in one Printer (Black)','2016-11-21 08:02:28','2016-11-21 08:02:28'),(19,5,'Color Laserjet All in One ','HP','Color Laserjet All in One ','2016-11-21 08:03:06','2016-11-21 08:03:06'),(20,5,'Color laserjet','HP','Color Laserjet Printer',NULL,'2016-11-22 05:19:05'),(21,5,'InkJet printer','HP','InkJet printer','2016-11-21 08:07:40','2016-11-21 08:07:40'),(22,13,'Scanner','HP','Scanner',NULL,'2016-11-21 09:59:16'),(23,4,'17 TFT/LED','HP','17 TFT/LED Monitor','2016-11-21 08:11:24','2016-11-21 08:11:24'),(24,5,'laserjet400/4000/600 series','hp','Laserjet 400/4000/600 series printer',NULL,'2016-11-22 05:20:07'),(25,6,'2 kv','apc','apc 2kv','2016-11-21 10:52:19','2016-11-21 10:52:19'),(26,6,'5 KV','5 KV','5 KV','2016-11-21 10:52:47','2016-11-21 10:52:47'),(27,6,'3 KV','apc 3 KV','','2016-11-22 10:49:01','2016-11-22 10:49:01'),(28,3,'server 380 series','hp','server 380 series','2016-11-22 11:23:02','2016-11-22 11:23:02'),(29,5,'Mono 200 series','hp','hp mono 200 series','2016-11-23 07:16:54','2016-11-23 07:16:54'),(30,1,'All in one Desktop','HP','Hp ALL IN ONE DESKTOP','2016-11-25 07:39:46','2016-11-25 07:39:46'),(31,10,'12A TONER','HP','HP TONER 12A','2016-11-29 07:25:31','2016-11-29 07:25:31'),(32,10,'78A TONER','HP','HP TONER 78A','2016-11-29 07:26:00','2016-11-29 07:26:00'),(33,10,'88A TONER ','HP','HP TONER 88A','2016-11-29 07:27:07','2016-11-29 07:27:07'),(34,10,'36A TONER','HP','HP TONER 36A','2016-11-29 07:27:40','2016-11-29 07:27:40'),(35,10,'05A TONER ','HP','HP TONER 05A','2016-11-29 07:29:04','2016-11-29 07:29:04'),(36,10,'80A TONER','HP','HP TONER 80A','2016-11-29 07:29:49','2016-11-29 07:29:49'),(37,10,'81A TONER','HP','HP TONER 81A',NULL,'2016-11-29 07:33:57'),(38,10,'64A TONER','HP','HP TONER 64A',NULL,'2016-11-29 07:34:14'),(39,10,'90A TONER ','HP','HP TONER 90A','2016-11-29 07:31:15','2016-11-29 07:31:15'),(40,10,'53A TONER','HP','HP TONER 53A','2016-11-29 07:32:31','2016-11-29 07:32:31'),(41,10,'42A TONER ','HP','HP TONER 42A','2016-11-29 07:35:18','2016-11-29 07:35:18'),(42,8,'HARD DISK','WD/Segate','DESKTOP HDD','2016-11-29 07:36:26','2016-11-29 07:36:26'),(43,10,'310A TONER (BLACK)','HP','HP TONER 310A (BLACK)','2016-11-29 07:37:54','2016-11-29 07:37:54'),(44,8,'8GB PENDRIVE','SCANDISK','8GB PENDRIVE','2016-11-29 07:51:22','2016-11-29 07:51:22'),(45,8,'16GB PENDRIVE','SCANDISK','16GB PENDRIVE','2016-11-29 07:52:28','2016-11-29 07:52:28'),(46,8,'32GB PENDRIVE','SCANDISK','32GB PENDRIVE','2016-11-29 07:53:42','2016-11-29 07:53:42'),(47,8,'64GB PENDRIVE','SCANDISK','64GB PENDRIVE','2016-11-29 07:54:08','2016-11-29 07:54:08'),(48,8,'CD Box','Writex','CD Box ','2016-12-05 07:56:57','2016-12-05 07:56:57'),(49,8,'DVD Box','Writex','DVD Box','2016-12-05 07:57:31','2016-12-05 07:57:31');
/*!40000 ALTER TABLE `asset_sub_type` ENABLE KEYS */;
UNLOCK TABLES;

--
-- Table structure for table `department`
--

DROP TABLE IF EXISTS `department`;
/*!40101 SET @saved_cs_client     = @@character_set_client */;
/*!40101 SET character_set_client = utf8 */;
CREATE TABLE `department` (
  `ID` int(11) NOT NULL AUTO_INCREMENT,
  `NAME` varchar(45) NOT NULL,
  `DESCRIPTION` varchar(500) NOT NULL,
  `CREATED_TIME` datetime DEFAULT NULL,
  `UPDATED_TIME` datetime DEFAULT NULL,
  PRIMARY KEY (`ID`),
  UNIQUE KEY `NAME_UNIQUE` (`NAME`)
) ENGINE=InnoDB AUTO_INCREMENT=25 DEFAULT CHARSET=latin1;
/*!40101 SET character_set_client = @saved_cs_client */;

--
-- Dumping data for table `department`
--

LOCK TABLES `department` WRITE;
/*!40000 ALTER TABLE `department` DISABLE KEYS */;
INSERT INTO `department` VALUES (2,'IT','IT DESC',NULL,NULL),(3,'Hospital','Bheemrao Ambedkar Hospital','2016-11-19 06:37:58','2016-11-19 06:37:58'),(4,'Computer Cell','Computer Cell','2016-11-19 07:59:51','2016-11-19 07:59:51'),(5,'Housing','Housing','2016-11-19 08:00:51','2016-11-19 08:00:51'),(6,'HOSPITAL CHILD ','Super Specialty Post Graduate Institute for Child Healthcare and Hospital','2016-11-24 07:04:44','2016-11-24 07:04:44'),(7,'INSTIUTIONAL','INSTIUTIONAL SEC-6',NULL,'2016-12-01 07:11:08'),(8,'TENDER CELL','TENDER CELL Sec-6','2016-12-01 07:10:50','2016-12-01 07:10:50'),(9,'JAL-3rd','JAL-3rd Sec-39 Noida','2016-12-01 08:42:14','2016-12-01 08:42:14'),(10,'Group Housing','Group Housing Plot Sec-6','2016-12-02 06:01:28','2016-12-02 06:01:28'),(11,'NTC','Noida Traffic Cell sec-6',NULL,'2016-12-05 11:27:39'),(12,'E&amp;M- 3rd','electrical and Mechinical sec-39 ',NULL,'2016-12-02 07:19:35'),(13,'FC','Finance Controller sec-6','2016-12-02 08:22:40','2016-12-02 08:22:40'),(14,'Commercial Department','Commercial Department sec-6','2016-12-02 08:48:50','2016-12-02 08:48:50'),(15,'Health Ist','Health Department sec-39','2016-12-05 07:28:13','2016-12-05 07:28:13'),(16,'Health 2nd','Health Department sec-39','2016-12-05 07:28:57','2016-12-05 07:28:57'),(17,'Horticulture 1st','Horticulutre !st sec 39 noida','2016-12-05 08:55:03','2016-12-05 08:55:03'),(18,'JAL 1st','Jal 1st Sec-5','2016-12-05 09:16:36','2016-12-05 09:16:36'),(19,'CE (Civil)','ce civil sec 6','2016-12-05 09:27:37','2016-12-05 09:27:37'),(20,'W.C-8','Work Circle 8 Sec-19','2016-12-05 09:57:27','2016-12-05 09:57:27'),(21,'khel parisad stadium','khel parisad stadium sec-21 a','2016-12-05 10:27:06','2016-12-05 10:27:06'),(22,'W.C-10','Work Circle -10 sec-6','2016-12-05 11:15:52','2016-12-05 11:15:52'),(23,'TAC','Technical Audit Cell','2016-12-05 11:27:28','2016-12-05 11:27:28'),(24,'CAP','chief architect premier sec-6','2016-12-05 12:02:28','2016-12-05 12:02:28');
/*!40000 ALTER TABLE `department` ENABLE KEYS */;
UNLOCK TABLES;

--
-- Table structure for table `po`
--

DROP TABLE IF EXISTS `po`;
/*!40101 SET @saved_cs_client     = @@character_set_client */;
/*!40101 SET character_set_client = utf8 */;
CREATE TABLE `po` (
  `ID` int(11) NOT NULL AUTO_INCREMENT,
  `PO_NUMBER` varchar(100) NOT NULL,
  `COMPANY` varchar(100) NOT NULL,
  `PO_DATE` datetime NOT NULL,
  `DESCRIPTION` varchar(500) NOT NULL,
  `CREATED_TIME` datetime DEFAULT NULL,
  `UPDATED_TIME` datetime DEFAULT NULL,
  PRIMARY KEY (`ID`),
  UNIQUE KEY `ID_UNIQUE` (`ID`),
  UNIQUE KEY `PO_NUMBER_UNIQUE` (`PO_NUMBER`)
) ENGINE=InnoDB AUTO_INCREMENT=14 DEFAULT CHARSET=latin1;
/*!40101 SET character_set_client = @saved_cs_client */;

--
-- Dumping data for table `po`
--

LOCK TABLES `po` WRITE;
/*!40000 ALTER TABLE `po` DISABLE KEYS */;
INSERT INTO `po` VALUES (1,'PO_Computer_01','Accumen','2016-04-01 00:00:00','Dummy PO for Computer Cell','2016-11-19 06:54:15','2016-11-19 06:54:15'),(2,'PO_Hospital_01','Acumen','2016-04-01 00:00:00','Dummy PO For Hospital','2016-11-21 07:43:41','2016-11-21 07:43:41'),(3,'PO_HOSPITAL_CHILD_01','ACUMEN','2016-04-01 00:00:00','CHILD SPECIALIST HOSPITAL SEC-30 ','2016-11-23 06:57:00','2016-11-23 06:57:00'),(4,'PO_INSTIUTIONAL_01','acumen','2016-04-01 00:00:00','dummy po','2016-12-01 06:16:25','2016-12-01 06:16:25'),(5,'PO_Tendercell_01','acumen','2016-04-01 00:00:00','Dummy PO for Tendercell',NULL,'2016-12-01 08:45:56'),(6,'PO_JAL-3rd','aceumn','2016-04-01 00:00:00','Dummy PO For Jal-3rd','2016-12-01 08:45:23','2016-12-01 08:45:23'),(7,'PO_Group Housing_01','acumen','2016-04-01 00:00:00','Dummy PO for Group Housing',NULL,'2016-12-02 07:20:03'),(8,'PO_NTC_01','acumen','2016-04-01 00:00:00','Dummy PO For NTC',NULL,'2016-12-02 07:20:15'),(9,'PO_E&M 3rd','acumen','2016-04-01 00:00:00','Dummy PO for E&M 3rd Sec-39','2016-12-02 07:21:11','2016-12-02 07:21:11'),(10,'PO_FC_01','acumen','2016-04-01 00:00:00','Dummy PO for FC','2016-12-02 08:24:06','2016-12-02 08:24:06'),(11,'PO_Commercial_01','acumen','2016-04-01 00:00:00','Dummy PO for Commercial','2016-12-02 08:50:02','2016-12-02 08:50:02'),(12,'PO_Health1st-01','acuemn','2016-04-01 00:00:00','Dummy PO For Health 1st',NULL,'2016-12-05 07:34:27'),(13,'PO_Health 2nd','acumen','2016-04-01 00:00:00','Dummy PO For Health 1st','2016-12-05 07:35:15','2016-12-05 07:35:15');
/*!40000 ALTER TABLE `po` ENABLE KEYS */;
UNLOCK TABLES;

--
-- Table structure for table `request`
--

DROP TABLE IF EXISTS `request`;
/*!40101 SET @saved_cs_client     = @@character_set_client */;
/*!40101 SET character_set_client = utf8 */;
CREATE TABLE `request` (
  `ID` int(11) NOT NULL AUTO_INCREMENT,
  `ASSET_MAIN_TYPE_ID` int(11) NOT NULL,
  `ASSET_SUB_TYPE_ID` int(11) DEFAULT NULL,
  `REQUESTER` varchar(45) NOT NULL,
  `REQUEST_DATE` datetime NOT NULL,
  `REQUEST_TYPE` varchar(45) NOT NULL,
  `ASSET_QUANTITY` int(2) NOT NULL,
  `DESCRIPTION` varchar(500) DEFAULT NULL,
  `CREATED_TIME` datetime DEFAULT NULL,
  `UPDATED_TIME` datetime DEFAULT NULL,
  `STATUS` varchar(45) NOT NULL,
  PRIMARY KEY (`ID`),
  KEY `ASSET_MAIN_TYPE_ID_FK_idx` (`ASSET_MAIN_TYPE_ID`),
  KEY `ASSET_SUB_TYPE_ID_FK_idx` (`ASSET_SUB_TYPE_ID`),
  KEY `REQUESTER_FK_idx` (`REQUESTER`),
  CONSTRAINT `ASSET_MAIN_TYPE_ID_FK` FOREIGN KEY (`ASSET_MAIN_TYPE_ID`) REFERENCES `asset_main_type` (`ID`) ON DELETE CASCADE ON UPDATE CASCADE,
  CONSTRAINT `ASSET_SUB_TYPE_ID_FK` FOREIGN KEY (`ASSET_SUB_TYPE_ID`) REFERENCES `asset_sub_type` (`ID`) ON DELETE CASCADE ON UPDATE CASCADE,
  CONSTRAINT `REQUESTER_FK` FOREIGN KEY (`REQUESTER`) REFERENCES `users` (`USERNAME`) ON DELETE NO ACTION ON UPDATE NO ACTION
) ENGINE=InnoDB AUTO_INCREMENT=233 DEFAULT CHARSET=latin1;
/*!40101 SET character_set_client = @saved_cs_client */;

--
-- Dumping data for table `request`
--

LOCK TABLES `request` WRITE;
/*!40000 ALTER TABLE `request` DISABLE KEYS */;
INSERT INTO `request` VALUES (1,1,7,'ravikumar','2016-11-19 06:50:04','NEW',1,'issued','2016-11-19 06:50:04','2016-11-19 07:26:26','ISSUED'),(2,1,7,'hospital','2016-11-23 09:45:05','NEW',18,'for hospital use','2016-11-23 09:45:05','2016-11-23 10:46:03','ISSUED'),(3,1,8,'hospital','2016-11-23 09:45:36','NEW',20,'for hospital use','2016-11-23 09:45:36','2016-11-23 10:54:58','ISSUED'),(4,3,28,'hospital','2016-11-23 09:46:51','NEW',1,'for hospital use','2016-11-23 09:46:51','2016-11-23 10:52:06','ISSUED'),(5,4,4,'hospital','2016-11-23 09:47:30','NEW',40,'for hospital use','2016-11-23 09:47:30','2016-11-23 11:01:13','ISSUED'),(6,12,13,'hospital','2016-11-23 09:48:03','NEW',39,'for hospital use','2016-11-23 09:48:03','2016-11-23 11:09:30','ISSUED'),(7,11,11,'hospital','2016-11-23 09:48:56','NEW',36,'for hospital use','2016-11-23 09:48:56','2016-11-23 11:18:57','ISSUED'),(8,6,15,'hospital','2016-11-23 09:49:51','NEW',37,'for hospital use','2016-11-23 09:49:51','2016-11-23 11:32:02','ISSUED'),(9,6,25,'hospital','2016-11-23 09:50:10','NEW',2,'for hospital use','2016-11-23 09:50:10','2016-11-23 11:32:31','ISSUED'),(10,6,27,'hospital','2016-11-23 09:50:26','NEW',1,'for hospital use','2016-11-23 09:50:26','2016-11-23 11:32:50','ISSUED'),(11,5,10,'hospital','2016-11-23 09:51:17','NEW',18,'for hospital use','2016-11-23 09:51:17','2016-11-23 11:34:55','ISSUED'),(12,5,24,'hospital','2016-11-23 09:51:52','NEW',3,'for hospital use','2016-11-23 09:51:52','2016-11-23 11:35:35','ISSUED'),(13,5,20,'hospital','2016-11-23 09:52:29','NEW',1,'for hospital use','2016-11-23 09:52:29','2016-11-23 11:35:52','ISSUED'),(14,5,18,'hospital','2016-11-23 09:53:03','NEW',1,'for hospital use','2016-11-23 09:53:03','2016-11-23 11:36:07','ISSUED'),(15,13,22,'hospital','2016-11-23 09:53:44','NEW',2,'for hospital use','2016-11-23 09:53:44','2016-11-23 11:36:31','ISSUED'),(16,1,7,'hospital','2016-11-23 10:41:52','NEW',1,'for hospital use','2016-11-23 10:41:52','2016-11-23 11:37:20','ISSUED'),(17,12,13,'hospital','2016-11-23 11:12:18','NEW',1,'for hospital use','2016-11-23 11:12:18','2016-11-23 11:37:39','ISSUED'),(18,11,11,'hospital','2016-11-23 11:38:43','NEW',1,'for hospital use','2016-11-23 11:38:43','2016-11-23 11:44:05','ISSUED'),(19,6,15,'hospital','2016-11-23 11:39:06','NEW',1,'for hospital use','2016-11-23 11:39:06','2016-11-23 11:42:25','ISSUED'),(20,1,7,'childhospital','2016-11-24 07:07:39','NEW',3,'for child hospital use','2016-11-24 07:07:39','2016-11-24 07:30:51','ISSUED'),(21,1,9,'childhospital','2016-11-24 07:08:03','NEW',1,'for child hospital use','2016-11-24 07:08:03','2016-11-24 07:31:31','ISSUED'),(22,4,4,'childhospital','2016-11-24 07:08:35','NEW',4,'for child hospital use','2016-11-24 07:08:35','2016-11-24 07:32:25','ISSUED'),(23,12,13,'childhospital','2016-11-24 07:09:02','NEW',3,'','2016-11-24 07:09:02','2016-11-24 07:33:13','ISSUED'),(24,11,11,'childhospital','2016-11-24 07:09:28','NEW',3,'for child hospital use','2016-11-24 07:09:28','2016-11-24 07:36:30','ISSUED'),(25,5,29,'childhospital','2016-11-24 07:10:16','NEW',2,'for child hospital use','2016-11-24 07:10:16','2016-11-24 07:36:59','ISSUED'),(26,5,18,'childhospital','2016-11-24 07:11:19','NEW',1,'for child hospital use','2016-11-24 07:11:19','2016-11-24 07:37:14','ISSUED'),(27,6,15,'childhospital','2016-11-24 07:11:38','NEW',4,'for child hospital use','2016-11-24 07:11:38','2016-11-24 07:38:09','ISSUED'),(28,1,7,'victor','2016-11-28 05:34:04','NEW',1,'hp pro 3330 mt','2016-11-28 05:34:04','2016-11-28 06:06:07','ISSUED'),(29,4,4,'victor','2016-11-28 05:34:17','NEW',1,'hp 185e','2016-11-28 05:34:17','2016-11-28 06:07:02','ISSUED'),(30,12,13,'victor','2016-11-28 05:34:28','NEW',1,'hp keyboard','2016-11-28 05:34:28','2016-11-28 06:07:28','ISSUED'),(31,11,11,'victor','2016-11-28 05:34:38','NEW',1,'hp mouse','2016-11-28 05:34:38','2016-11-28 06:07:48','ISSUED'),(32,5,19,'victor','2016-11-28 05:34:58','NEW',1,'hp color laserjet m175n','2016-11-28 05:34:58','2016-11-28 06:08:39','ISSUED'),(33,6,16,'victor','2016-11-28 05:35:19','NEW',1,'ups elnova 1 kv','2016-11-28 05:35:19','2016-11-28 06:09:14','ISSUED'),(34,1,7,'ranjeet','2016-11-28 05:48:33','NEW',1,'hp 3090 mt','2016-11-28 05:48:33','2016-11-28 06:23:53','ISSUED'),(35,4,3,'ranjeet','2016-11-28 05:48:56','NEW',1,'hp185e','2016-11-28 05:48:56','2016-11-28 06:24:18','ISSUED'),(36,11,11,'ranjeet','2016-11-28 05:49:32','NEW',1,'hp mouse','2016-11-28 05:49:32','2016-11-28 06:24:36','ISSUED'),(37,6,16,'ranjeet','2016-11-28 05:50:00','NEW',1,'apc 1 kv','2016-11-28 05:50:00','2016-11-28 06:25:07','ISSUED'),(38,1,7,'shobha','2016-11-28 05:54:12','NEW',1,'hp 3330 mt','2016-11-28 05:54:12','2016-11-28 06:27:01','ISSUED'),(39,4,4,'shobha','2016-11-28 05:57:07','NEW',1,'hp 185e','2016-11-28 05:57:07','2016-11-28 06:27:46','ISSUED'),(40,6,15,'shobha','2016-11-28 05:58:21','NEW',1,'apc 600va','2016-11-28 05:58:21','2016-11-28 06:28:23','ISSUED'),(41,5,19,'shobha','2016-11-28 05:59:20','NEW',1,'hp color laserjet m176n','2016-11-28 05:59:20','2016-11-28 06:29:30','ISSUED'),(42,12,13,'shobha','2016-11-28 05:59:54','NEW',1,'hp keybaord','2016-11-28 05:59:54','2016-11-28 06:30:00','ISSUED'),(43,11,11,'shobha','2016-11-28 06:00:21','NEW',1,'hp mouse','2016-11-28 06:00:21','2016-11-28 06:30:23','ISSUED'),(44,1,30,'sushma','2016-11-28 06:02:38','NEW',1,'for office use','2016-11-28 06:02:38','2016-11-28 06:51:16','ISSUED'),(45,11,11,'sushma','2016-11-28 06:03:21','NEW',1,'for office use','2016-11-28 06:03:21','2016-11-28 06:52:16','ISSUED'),(46,12,13,'sushma','2016-11-28 06:03:32','NEW',1,'for office use','2016-11-28 06:03:32','2016-11-28 06:54:57','ISSUED'),(47,6,15,'sushma','2016-11-28 06:03:53','NEW',1,'for office use','2016-11-28 06:03:53','2016-11-28 06:55:39','ISSUED'),(48,1,7,'arun','2016-11-28 06:04:55','NEW',1,'for office use','2016-11-28 06:04:55','2016-11-28 06:48:25','ISSUED'),(49,4,3,'arun','2016-11-28 06:05:11','NEW',1,'for office use','2016-11-28 06:05:11','2016-11-28 06:49:08','ISSUED'),(50,6,15,'arun','2016-11-28 06:05:44','NEW',1,'for office use','2016-11-28 06:05:44','2016-11-28 06:49:41','ISSUED'),(51,11,11,'arun','2016-11-28 06:05:54','NEW',1,'for office use ','2016-11-28 06:05:54','2016-11-28 06:50:17','ISSUED'),(52,1,7,'computercell','2016-11-28 06:07:23','NEW',1,'for office use','2016-11-28 06:07:23','2016-11-28 06:58:45','ISSUED'),(53,4,23,'computercell','2016-11-28 06:07:42','NEW',1,'for office use','2016-11-28 06:07:42','2016-11-28 06:59:13','ISSUED'),(54,12,13,'computercell','2016-11-28 06:07:57','NEW',1,'for office use','2016-11-28 06:07:57','2016-11-28 06:59:58','ISSUED'),(55,11,11,'computercell','2016-11-28 06:08:07','NEW',1,'for office use','2016-11-28 06:08:07','2016-11-28 07:00:43','ISSUED'),(56,6,16,'computercell','2016-11-28 06:08:28','NEW',1,'for office use','2016-11-28 06:08:28','2016-11-28 07:01:13','ISSUED'),(57,1,7,'ajay','2016-11-28 06:16:39','NEW',1,'for office use','2016-11-28 06:16:39','2016-11-28 07:01:47','ISSUED'),(58,4,4,'ajay','2016-11-28 06:21:10','NEW',1,'for office use','2016-11-28 06:21:10','2016-11-28 07:02:44','ISSUED'),(59,1,7,'satish','2016-11-28 06:22:32','NEW',1,'for office use','2016-11-28 06:22:32','2016-11-28 07:12:30','ISSUED'),(60,4,4,'satish','2016-11-28 06:23:05','NEW',1,'for office use','2016-11-28 06:23:05','2016-11-28 07:12:52','ISSUED'),(61,12,13,'satish','2016-11-28 06:23:18','NEW',1,'for office use','2016-11-28 06:23:18','2016-11-28 07:13:29','ISSUED'),(62,11,11,'satish','2016-11-28 06:23:29','NEW',1,'for office use','2016-11-28 06:23:29','2016-11-28 07:14:21','ISSUED'),(63,6,16,'satish','2016-11-28 06:23:39','NEW',1,'for office use','2016-11-28 06:23:39','2016-11-28 07:14:45','ISSUED'),(64,11,11,'ajay','2016-11-28 06:24:14','NEW',1,'for office use','2016-11-28 06:24:14','2016-11-28 07:03:24','ISSUED'),(65,12,13,'ajay','2016-11-28 06:24:23','NEW',1,'for office use','2016-11-28 06:24:23','2016-11-28 07:07:12','ISSUED'),(66,5,18,'ajay','2016-11-28 06:24:37','NEW',1,'for office use','2016-11-28 06:24:37','2016-11-28 07:05:52','ISSUED'),(67,6,15,'ajay','2016-11-28 06:24:47','NEW',1,'for office use','2016-11-28 06:24:47','2016-11-28 07:06:25','ISSUED'),(68,1,7,'ruby','2016-11-29 07:39:06','NEW',1,'for office use ','2016-11-29 07:39:06','2016-11-29 07:43:49','ISSUED'),(69,4,23,'ruby','2016-11-29 07:39:29','NEW',1,'for office use','2016-11-29 07:39:29','2016-11-29 07:44:33','ISSUED'),(70,12,13,'ruby','2016-11-29 07:39:35','NEW',1,'for office use','2016-11-29 07:39:35','2016-11-29 07:44:54','ISSUED'),(71,11,11,'ruby','2016-11-29 07:39:44','NEW',1,'for office use','2016-11-29 07:39:44','2016-11-29 07:45:14','ISSUED'),(72,5,10,'ruby','2016-11-29 07:39:59','NEW',1,'for office use','2016-11-29 07:39:59','2016-11-29 07:45:37','ISSUED'),(73,6,15,'ruby','2016-11-29 07:40:08','NEW',1,'for office use','2016-11-29 07:40:08','2016-11-29 07:46:00','ISSUED'),(74,4,3,'ravikumar','2016-11-29 07:46:08','NEW',1,'for office use','2016-11-29 07:46:08','2016-11-29 07:48:12','ISSUED'),(75,12,13,'ravikumar','2016-11-29 07:46:15','NEW',1,'for office use','2016-11-29 07:46:15','2016-11-29 07:48:34','ISSUED'),(76,11,11,'ravikumar','2016-11-29 07:46:22','NEW',1,'for office use','2016-11-29 07:46:22','2016-11-29 07:48:56','ISSUED'),(77,6,15,'ravikumar','2016-11-29 07:49:31','NEW',1,'for office use','2016-11-29 07:49:31','2016-11-29 07:50:49','ISSUED'),(78,1,9,'siddharth','2016-12-01 06:35:26','NEW',1,'for office use','2016-12-01 06:35:26','2016-12-01 06:40:00','ISSUED'),(79,4,4,'siddharth','2016-12-01 06:35:43','NEW',1,'for office use','2016-12-01 06:35:43','2016-12-01 06:40:23','ISSUED'),(80,12,13,'siddharth','2016-12-01 06:35:58','NEW',1,'for office use','2016-12-01 06:35:58','2016-12-01 06:40:46','ISSUED'),(81,11,11,'siddharth','2016-12-01 06:36:10','NEW',1,'for office use','2016-12-01 06:36:10','2016-12-01 06:41:10','ISSUED'),(82,5,10,'siddharth','2016-12-01 06:36:29','NEW',1,'for office use','2016-12-01 06:36:29','2016-12-01 06:41:33','ISSUED'),(83,6,15,'siddharth','2016-12-01 06:36:48','NEW',1,'for office use','2016-12-01 06:36:48','2016-12-01 06:42:04','ISSUED'),(84,1,9,'zahid','2016-12-01 06:54:22','NEW',1,'for office use','2016-12-01 06:54:22','2016-12-01 07:15:49','ISSUED'),(85,4,4,'zahid','2016-12-01 06:54:30','NEW',1,'for office use','2016-12-01 06:54:30','2016-12-01 07:16:11','ISSUED'),(86,6,15,'zahid','2016-12-01 06:54:38','NEW',1,'for office use','2016-12-01 06:54:38','2016-12-01 07:17:09','ISSUED'),(87,11,11,'zahid','2016-12-01 06:54:45','NEW',1,'for office use','2016-12-01 06:54:45','2016-12-01 07:17:33','ISSUED'),(88,12,13,'zahid','2016-12-01 06:54:53','NEW',1,'for office use','2016-12-01 06:54:53','2016-12-01 07:17:54','ISSUED'),(89,5,10,'zahid','2016-12-01 06:55:00','NEW',1,'for office use','2016-12-01 06:55:00','2016-12-01 07:18:14','ISSUED'),(90,10,33,'ajit','2016-12-01 08:48:38','NEW',1,'for offiice use','2016-12-01 08:48:38','2016-12-01 08:59:23','ISSUED'),(91,10,37,'tendercell','2016-12-01 09:07:30','NEW',1,'for office use','2016-12-01 09:07:30','2016-12-01 09:28:20','ISSUED'),(92,1,9,'gschilwal','2016-12-01 09:56:23','NEW',1,'for office use','2016-12-01 09:56:23','2016-12-01 11:13:04','ISSUED'),(93,4,4,'gschilwal','2016-12-01 09:56:41','NEW',1,'for office use','2016-12-01 09:56:41','2016-12-01 11:13:49','ISSUED'),(94,11,11,'gschilwal','2016-12-01 09:57:08','NEW',1,'for office use','2016-12-01 09:57:08','2016-12-01 11:14:19','ISSUED'),(95,12,13,'gschilwal','2016-12-01 09:57:22','NEW',1,'for office use','2016-12-01 09:57:22','2016-12-01 11:14:45','ISSUED'),(96,6,15,'gschilwal','2016-12-01 09:57:31','NEW',1,'for office use','2016-12-01 09:57:31','2016-12-01 11:15:32','ISSUED'),(97,5,10,'gschilwal','2016-12-01 09:57:44','NEW',1,'for office use','2016-12-01 09:57:44','2016-12-01 11:15:52','ISSUED'),(98,1,7,'instiutional','2016-12-01 10:00:26','NEW',1,'for office use','2016-12-01 10:00:26','2016-12-01 11:17:11','ISSUED'),(99,1,6,'instiutional','2016-12-01 10:00:36','NEW',2,'for office use','2016-12-01 10:00:36','2016-12-01 11:18:19','ISSUED'),(100,4,3,'instiutional','2016-12-01 10:00:52','NEW',2,'for office use','2016-12-01 10:00:52','2016-12-01 11:19:00','ISSUED'),(101,4,4,'instiutional','2016-12-01 10:00:59','NEW',1,'for office use','2016-12-01 10:00:59','2016-12-01 11:19:50','ISSUED'),(102,12,13,'instiutional','2016-12-01 10:01:11','NEW',3,'for office use','2016-12-01 10:01:11','2016-12-01 11:21:45','ISSUED'),(103,11,11,'instiutional','2016-12-01 10:01:20','NEW',3,'for office use','2016-12-01 10:01:20','2016-12-01 11:22:35','ISSUED'),(104,6,15,'instiutional','2016-12-01 10:02:08','NEW',3,'for office use','2016-12-01 10:02:08','2016-12-01 11:23:39','ISSUED'),(105,5,17,'instiutional','2016-12-01 10:02:30','NEW',1,'for office use','2016-12-01 10:02:30','2016-12-01 11:25:05','ISSUED'),(106,5,18,'instiutional','2016-12-01 10:02:42','NEW',1,'for office use','2016-12-01 10:02:42','2016-12-01 11:25:30','ISSUED'),(107,8,44,'omprakash','2016-12-01 11:02:58','NEW',1,'office use','2016-12-01 11:02:58','2016-12-01 11:02:58','PENDING'),(108,1,9,'ravi','2016-12-01 11:23:22','NEW',1,'for office use','2016-12-01 11:23:22','2016-12-01 11:35:08','ISSUED'),(109,4,4,'ravi','2016-12-01 11:23:30','NEW',1,'for office use','2016-12-01 11:23:30','2016-12-01 11:35:39','ISSUED'),(110,11,11,'ravi','2016-12-01 11:23:44','NEW',1,'for office use','2016-12-01 11:23:44','2016-12-01 11:36:20','ISSUED'),(111,12,13,'ravi','2016-12-01 11:23:54','NEW',1,'for office use','2016-12-01 11:23:54','2016-12-01 11:43:42','ISSUED'),(112,5,24,'ravi','2016-12-01 11:24:11','NEW',2,'for office use','2016-12-01 11:24:11','2016-12-01 11:45:12','ISSUED'),(113,6,15,'ravi','2016-12-01 11:24:52','NEW',1,'for office use','2016-12-01 11:24:52','2016-12-01 11:45:50','ISSUED'),(114,6,15,'instiutional','2016-12-01 11:25:19','NEW',1,'for office use','2016-12-01 11:25:19','2016-12-01 11:27:21','ISSUED'),(115,1,7,'abid','2016-12-01 11:28:52','NEW',1,'for office use','2016-12-01 11:28:52','2016-12-01 11:48:00','ISSUED'),(116,4,4,'abid','2016-12-01 11:29:07','NEW',1,'for office use','2016-12-01 11:29:07','2016-12-01 11:50:08','ISSUED'),(117,12,13,'abid','2016-12-01 11:29:15','NEW',1,'for office use','2016-12-01 11:29:15','2016-12-01 11:50:28','ISSUED'),(118,11,11,'abid','2016-12-01 11:29:37','NEW',1,'for office use','2016-12-01 11:29:37','2016-12-01 11:50:57','ISSUED'),(119,6,15,'abid','2016-12-01 11:29:51','NEW',1,'for office use only','2016-12-01 11:29:51','2016-12-01 11:52:31','ISSUED'),(120,5,24,'abid','2016-12-01 11:30:02','NEW',1,'for office use','2016-12-01 11:30:02','2016-12-01 11:53:16','ISSUED'),(121,1,9,'manju','2016-12-01 11:33:38','NEW',1,'for office use','2016-12-01 11:33:38','2016-12-01 11:55:12','ISSUED'),(122,4,4,'manju','2016-12-01 11:33:48','NEW',1,'for office use','2016-12-01 11:33:48','2016-12-01 11:55:39','ISSUED'),(123,12,13,'manju','2016-12-01 11:33:55','NEW',1,'for office use','2016-12-01 11:33:55','2016-12-01 11:56:02','ISSUED'),(124,11,11,'manju','2016-12-01 11:34:00','NEW',1,'for office use','2016-12-01 11:34:00','2016-12-01 11:56:21','ISSUED'),(125,6,15,'manju','2016-12-01 11:34:07','NEW',1,'for office use','2016-12-01 11:34:07','2016-12-01 11:56:45','ISSUED'),(126,5,24,'manju','2016-12-01 11:34:16','NEW',1,'for office use','2016-12-01 11:34:16','2016-12-01 11:58:13','ISSUED'),(127,1,9,'omprakash','2016-12-01 11:35:25','NEW',1,'for office use','2016-12-01 11:35:25','2016-12-01 11:59:34','ISSUED'),(128,4,4,'omprakash','2016-12-01 11:35:32','NEW',1,'for office use','2016-12-01 11:35:32','2016-12-01 11:59:55','ISSUED'),(129,12,13,'omprakash','2016-12-01 11:35:39','NEW',1,'for office use','2016-12-01 11:35:39','2016-12-01 12:00:16','ISSUED'),(130,11,11,'omprakash','2016-12-01 11:35:45','NEW',1,'for office use','2016-12-01 11:35:45','2016-12-01 12:00:33','ISSUED'),(131,6,15,'omprakash','2016-12-01 11:35:54','NEW',1,'for office use','2016-12-01 11:35:54','2016-12-01 12:01:04','ISSUED'),(132,5,24,'omprakash','2016-12-01 11:36:04','NEW',1,'for office use','2016-12-01 11:36:04','2016-12-01 12:01:24','ISSUED'),(133,1,9,'tendercell','2016-12-01 11:38:14','NEW',4,'for office use','2016-12-01 11:38:14','2016-12-01 12:03:14','ISSUED'),(134,1,7,'tendercell','2016-12-01 11:38:22','NEW',1,'for office use','2016-12-01 11:38:22','2016-12-01 12:04:23','ISSUED'),(135,4,3,'tendercell','2016-12-01 11:38:40','NEW',1,'for office use','2016-12-01 11:38:40','2016-12-01 12:04:45','ISSUED'),(136,4,4,'tendercell','2016-12-01 11:38:47','NEW',4,'for office use','2016-12-01 11:38:47','2016-12-01 12:06:13','ISSUED'),(137,12,13,'tendercell','2016-12-01 11:39:02','NEW',5,'for office use','2016-12-01 11:39:02','2016-12-01 12:08:32','ISSUED'),(138,11,11,'tendercell','2016-12-01 11:39:44','NEW',5,'for office use','2016-12-01 11:39:44','2016-12-01 12:09:58','ISSUED'),(139,6,15,'tendercell','2016-12-01 11:39:52','NEW',5,'for office use','2016-12-01 11:39:52','2016-12-01 12:11:44','ISSUED'),(140,5,10,'tendercell','2016-12-01 11:40:14','NEW',4,'for office use','2016-12-01 11:40:14','2016-12-01 12:15:42','ISSUED'),(141,5,18,'tendercell','2016-12-01 11:40:28','NEW',1,'for office use','2016-12-01 11:40:28','2016-12-01 12:14:18','ISSUED'),(142,5,24,'tendercell','2016-12-01 11:40:46','NEW',1,'for office use','2016-12-01 11:40:46','2016-12-01 12:14:42','ISSUED'),(143,10,32,'hospital','2016-12-02 04:54:31','NEW',3,'for office use','2016-12-02 04:54:31','2016-12-02 06:57:37','ISSUED'),(144,10,31,'hospital','2016-12-02 04:55:37','NEW',1,'for office use','2016-12-02 04:55:37','2016-12-02 06:58:04','ISSUED'),(145,10,32,'dhirend','2016-12-02 06:04:04','NEW',1,'for office use','2016-12-02 06:04:04','2016-12-02 06:58:26','ISSUED'),(146,10,32,'dhirend','2016-12-02 06:14:57','NEW',1,'','2016-12-02 06:14:57','2016-12-02 10:32:20','REJECTED'),(147,10,31,'hariom','2016-12-02 07:25:05','NEW',1,'for office use','2016-12-02 07:25:05','2016-12-02 07:25:05','PENDING'),(148,10,33,'hariom','2016-12-02 07:25:29','NEW',1,'for office use','2016-12-02 07:25:29','2016-12-02 07:25:29','PENDING'),(149,8,44,'hariom','2016-12-02 07:33:23','NEW',2,'Office Use','2016-12-02 07:33:23','2016-12-02 07:33:23','PENDING'),(150,1,7,'amit','2016-12-02 07:39:40','NEW',1,'for office use','2016-12-02 07:39:40','2016-12-02 07:52:50','ISSUED'),(151,4,4,'amit','2016-12-02 07:40:00','NEW',1,'for office use','2016-12-02 07:40:00','2016-12-02 07:53:14','ISSUED'),(152,12,13,'amit','2016-12-02 07:40:11','NEW',1,'for office use','2016-12-02 07:40:11','2016-12-02 07:53:34','ISSUED'),(153,11,11,'amit','2016-12-02 07:40:21','NEW',1,'for office use','2016-12-02 07:40:21','2016-12-02 07:53:52','ISSUED'),(154,6,15,'amit','2016-12-02 07:40:39','NEW',1,'for office use','2016-12-02 07:40:39','2016-12-02 07:54:19','ISSUED'),(155,5,18,'amit','2016-12-02 07:41:01','NEW',1,'for office use','2016-12-02 07:41:01','2016-12-02 07:54:49','ISSUED'),(156,5,19,'amit','2016-12-02 07:41:19','NEW',1,'for office use','2016-12-02 07:41:19','2016-12-02 07:55:08','ISSUED'),(157,1,7,'vandana','2016-12-02 07:41:48','NEW',1,'for office use','2016-12-02 07:41:48','2016-12-02 07:55:27','ISSUED'),(158,4,4,'vandana','2016-12-02 07:41:56','NEW',1,'for office use','2016-12-02 07:41:56','2016-12-02 07:55:49','ISSUED'),(159,12,13,'vandana','2016-12-02 07:42:08','NEW',1,'for office use','2016-12-02 07:42:08','2016-12-02 07:56:06','ISSUED'),(160,11,11,'vandana','2016-12-02 07:42:19','NEW',1,'for office use','2016-12-02 07:42:19','2016-12-02 07:56:26','ISSUED'),(161,6,15,'vandana','2016-12-02 07:42:39','NEW',1,'for office use','2016-12-02 07:42:39','2016-12-02 07:56:49','ISSUED'),(162,5,10,'vandana','2016-12-02 07:43:00','NEW',1,'for office use','2016-12-02 07:43:00','2016-12-02 07:57:11','ISSUED'),(163,10,34,'ankit','2016-12-02 08:27:46','NEW',1,'for office use','2016-12-02 08:27:46','2016-12-02 08:45:46','ISSUED'),(164,1,7,'parul','2016-12-02 09:52:59','NEW',1,'for office use','2016-12-02 09:52:59','2016-12-02 10:12:17','ISSUED'),(165,4,3,'parul','2016-12-02 09:53:07','NEW',1,'for office use','2016-12-02 09:53:07','2016-12-02 10:12:49','ISSUED'),(166,11,11,'parul','2016-12-02 09:53:14','NEW',1,'for office use','2016-12-02 09:53:14','2016-12-02 10:13:19','ISSUED'),(167,12,13,'parul','2016-12-02 09:53:21','NEW',1,'for office use','2016-12-02 09:53:21','2016-12-02 10:13:39','ISSUED'),(168,6,15,'parul','2016-12-02 09:53:28','NEW',1,'for office use','2016-12-02 09:53:28','2016-12-02 10:14:10','ISSUED'),(169,5,10,'parul','2016-12-02 09:53:35','NEW',1,'for office use','2016-12-02 09:53:35','2016-12-02 10:14:30','ISSUED'),(170,1,9,'rajeev','2016-12-02 10:12:27','NEW',1,'for office use','2016-12-02 10:12:27','2016-12-02 10:19:35','ISSUED'),(171,4,4,'rajeev','2016-12-02 10:12:46','NEW',1,'for office use','2016-12-02 10:12:46','2016-12-02 10:19:58','ISSUED'),(172,11,11,'rajeev','2016-12-02 10:12:55','NEW',1,'for office use','2016-12-02 10:12:55','2016-12-02 10:20:25','ISSUED'),(173,12,13,'rajeev','2016-12-02 10:13:02','NEW',1,'for office use','2016-12-02 10:13:02','2016-12-02 10:20:46','ISSUED'),(174,5,10,'rajeev','2016-12-02 10:13:11','NEW',1,'for office use','2016-12-02 10:13:11','2016-12-02 10:21:14','ISSUED'),(175,6,15,'rajeev','2016-12-02 10:13:19','NEW',1,'for office use','2016-12-02 10:13:19','2016-12-02 10:21:35','ISSUED'),(176,1,7,'rcparihar','2016-12-02 10:14:12','NEW',1,'for office use','2016-12-02 10:14:12','2016-12-02 10:22:05','ISSUED'),(177,4,4,'rcparihar','2016-12-02 10:14:22','NEW',1,'for office use','2016-12-02 10:14:22','2016-12-02 10:22:22','ISSUED'),(178,12,13,'rcparihar','2016-12-02 10:14:29','NEW',1,'for office use','2016-12-02 10:14:29','2016-12-02 10:22:41','ISSUED'),(179,11,11,'rcparihar','2016-12-02 10:14:35','NEW',1,'for office use','2016-12-02 10:14:35','2016-12-02 10:23:02','ISSUED'),(180,5,10,'rcparihar','2016-12-02 10:14:45','NEW',1,'for office use','2016-12-02 10:14:45','2016-12-02 10:23:21','ISSUED'),(181,6,15,'rcparihar','2016-12-02 10:14:53','NEW',1,'for office use','2016-12-02 10:14:53','2016-12-02 10:23:42','ISSUED'),(182,1,7,'bhuvan','2016-12-02 10:20:11','NEW',1,'for office use','2016-12-02 10:20:11','2016-12-02 10:33:56','ISSUED'),(183,4,4,'bhuvan','2016-12-02 10:20:19','NEW',1,'for office use','2016-12-02 10:20:19','2016-12-02 10:34:21','ISSUED'),(184,12,13,'bhuvan','2016-12-02 10:20:25','NEW',1,'for office use','2016-12-02 10:20:25','2016-12-02 10:34:44','ISSUED'),(185,11,11,'bhuvan','2016-12-02 10:20:31','NEW',1,'for office use','2016-12-02 10:20:31','2016-12-02 10:35:03','ISSUED'),(186,5,10,'bhuvan','2016-12-02 10:20:42','NEW',1,'for office use','2016-12-02 10:20:42','2016-12-02 10:35:25','ISSUED'),(187,6,15,'bhuvan','2016-12-02 10:20:49','NEW',1,'for office use','2016-12-02 10:20:49','2016-12-02 10:35:46','ISSUED'),(188,1,9,'amitpandey','2016-12-02 10:22:03','NEW',1,'for office use','2016-12-02 10:22:03','2016-12-02 10:36:39','ISSUED'),(189,4,4,'amitpandey','2016-12-02 10:22:12','NEW',1,'for office use','2016-12-02 10:22:12','2016-12-02 10:37:30','ISSUED'),(190,12,13,'amitpandey','2016-12-02 10:22:19','NEW',1,'for office use','2016-12-02 10:22:19','2016-12-02 10:37:53','ISSUED'),(191,11,11,'amitpandey','2016-12-02 10:22:32','NEW',1,'for oofice use','2016-12-02 10:22:32','2016-12-02 10:38:19','ISSUED'),(192,5,10,'amitpandey','2016-12-02 10:23:19','NEW',1,'for office use','2016-12-02 10:23:19','2016-12-02 10:38:40','ISSUED'),(193,6,15,'amitpandey','2016-12-02 10:23:29','NEW',1,'for office use','2016-12-02 10:23:29','2016-12-02 10:39:03','ISSUED'),(194,1,7,'lpsingh','2016-12-02 10:25:31','NEW',1,'for office use','2016-12-02 10:25:31','2016-12-02 10:40:22','ISSUED'),(195,4,4,'lpsingh','2016-12-02 10:25:38','NEW',1,'for office use','2016-12-02 10:25:38','2016-12-02 10:42:11','ISSUED'),(196,12,13,'lpsingh','2016-12-02 10:25:45','NEW',1,'for office use','2016-12-02 10:25:45','2016-12-02 10:42:38','ISSUED'),(197,11,11,'lpsingh','2016-12-02 10:25:50','NEW',1,'for office use','2016-12-02 10:25:50','2016-12-02 10:42:51','ISSUED'),(198,5,18,'lpsingh','2016-12-02 10:26:03','NEW',1,'for office use','2016-12-02 10:26:03','2016-12-02 10:43:28','ISSUED'),(199,6,15,'lpsingh','2016-12-02 10:26:12','NEW',1,'for office use','2016-12-02 10:26:12','2016-12-02 10:43:58','ISSUED'),(200,1,9,'santoshkumar','2016-12-02 10:27:05','NEW',1,'for office use','2016-12-02 10:27:05','2016-12-02 10:44:32','ISSUED'),(201,4,4,'santoshkumar','2016-12-02 10:27:11','NEW',1,'for office use','2016-12-02 10:27:11','2016-12-02 10:44:47','ISSUED'),(202,12,13,'santoshkumar','2016-12-02 10:27:19','NEW',1,'for office use','2016-12-02 10:27:19','2016-12-02 10:45:05','ISSUED'),(203,11,11,'santoshkumar','2016-12-02 10:27:25','NEW',1,'for office use','2016-12-02 10:27:25','2016-12-02 10:45:19','ISSUED'),(204,6,15,'santoshkumar','2016-12-02 10:27:33','NEW',1,'for office use','2016-12-02 10:27:33','2016-12-02 10:45:31','ISSUED'),(205,1,7,'commercial','2016-12-02 10:29:02','NEW',1,'for office use','2016-12-02 10:29:02','2016-12-02 10:46:10','ISSUED'),(206,4,4,'commercial','2016-12-02 10:29:09','NEW',1,'for office use','2016-12-02 10:29:09','2016-12-02 10:46:24','ISSUED'),(207,12,13,'commercial','2016-12-02 10:29:18','NEW',1,'for office use','2016-12-02 10:29:18','2016-12-02 10:46:39','ISSUED'),(208,11,11,'commercial','2016-12-02 10:29:24','NEW',1,'for office use','2016-12-02 10:29:24','2016-12-02 10:46:58','ISSUED'),(209,5,18,'commercial','2016-12-02 10:29:37','NEW',1,'for office use','2016-12-02 10:29:37','2016-12-02 10:47:12','ISSUED'),(210,6,15,'commercial','2016-12-02 10:29:45','NEW',1,'for office use','2016-12-02 10:29:45','2016-12-02 10:47:29','ISSUED'),(211,10,32,'hospital','2016-12-05 06:29:18','NEW',3,'Registration countar use ','2016-12-05 06:29:18','2016-12-05 06:29:18','PENDING'),(212,10,33,'pawanhealth','2016-12-05 08:11:18','NEW',1,'for office use','2016-12-05 08:11:18','2016-12-05 08:19:41','ISSUED'),(213,11,11,'pawanhealth','2016-12-05 08:11:43','NEW',1,'for office use','2016-12-05 08:11:43','2016-12-05 08:20:01','ISSUED'),(214,8,49,'pawanhealth','2016-12-05 08:12:13','NEW',1,'for office use','2016-12-05 08:12:13','2016-12-05 08:20:21','ISSUED'),(215,10,33,'sunilhealth','2016-12-05 08:14:36','NEW',1,'for office use','2016-12-05 08:14:36','2016-12-05 08:20:45','ISSUED'),(216,8,44,'sunilhealth','2016-12-05 08:15:03','NEW',1,'for office use','2016-12-05 08:15:03','2016-12-05 08:21:05','ISSUED'),(217,11,11,'instiutional','2016-12-05 08:25:23','NEW',1,'for replace 000336','2016-12-05 08:25:23','2016-12-05 08:28:10','ISSUED'),(218,10,33,'upender','2016-12-05 09:00:11','NEW',1,'for repalce toner','2016-12-05 09:00:11','2016-12-05 09:01:22','ISSUED'),(219,8,44,'victor','2016-12-05 09:07:43','NEW',1,'f','2016-12-05 09:07:43','2016-12-05 09:08:13','APPROVED'),(220,10,31,'permndera','2016-12-05 09:24:51','NEW',1,'toner repalce','2016-12-05 09:24:51','2016-12-05 09:26:00','ISSUED'),(221,11,11,'upendercivil','2016-12-05 09:30:13','NEW',1,'for repalce mouse','2016-12-05 09:30:13','2016-12-05 09:33:04','ISSUED'),(222,5,18,'upendercivil','2016-12-05 09:44:12','NEW',1,'Request already been approved by DCEO sir','2016-12-05 09:44:12','2016-12-05 09:44:12','PENDING'),(223,5,18,'upendercivil','2016-12-05 09:47:41','NEW',1,'Request for Printer LaserJet Pro 400 MFP M425dw has already been approved by DCEO sir but still not issued','2016-12-05 09:47:41','2016-12-05 09:47:41','PENDING'),(224,8,44,'omprakash','2016-12-05 10:08:03','NEW',1,'officeal','2016-12-05 10:08:03','2016-12-05 10:08:03','PENDING'),(225,10,31,'shrikant','2016-12-05 10:08:53','NEW',1,'for toner replace','2016-12-05 10:08:53','2016-12-05 10:11:54','ISSUED'),(226,12,13,'anilkumar','2016-12-05 10:30:42','NEW',1,'repalce keybaord','2016-12-05 10:30:42','2016-12-05 10:31:48','ISSUED'),(227,6,15,'anilkumar','2016-12-05 10:34:26','NEW',1,'replace old','2016-12-05 10:34:26','2016-12-05 10:38:37','ISSUED'),(228,10,33,'shanu','2016-12-05 11:18:12','NEW',1,'for use external laptop','2016-12-05 11:18:12','2016-12-05 11:25:33','ISSUED'),(229,12,13,'shanu','2016-12-05 11:18:38','NEW',1,'for use external laptop','2016-12-05 11:18:38','2016-12-05 11:26:20','ISSUED'),(230,11,11,'shanu','2016-12-05 11:19:00','NEW',1,'for use external laptop','2016-12-05 11:19:00','2016-12-05 11:26:47','ISSUED'),(231,10,33,'anurag','2016-12-05 11:31:59','NEW',1,'for replcae toner to old','2016-12-05 11:31:59','2016-12-05 11:33:32','ISSUED'),(232,12,13,'admin','2016-12-05 12:11:56','NEW',1,'use for office','2016-12-05 12:11:56','2016-12-05 12:11:56','PENDING');
/*!40000 ALTER TABLE `request` ENABLE KEYS */;
UNLOCK TABLES;

--
-- Table structure for table `request_history`
--

DROP TABLE IF EXISTS `request_history`;
/*!40101 SET @saved_cs_client     = @@character_set_client */;
/*!40101 SET character_set_client = utf8 */;
CREATE TABLE `request_history` (
  `ID` int(11) NOT NULL AUTO_INCREMENT,
  `REQUEST_ID` int(11) NOT NULL,
  `STATUS` varchar(45) NOT NULL,
  `BY_USER` varchar(45) NOT NULL,
  `DESCRIPTION` varchar(500) DEFAULT NULL,
  `CREATED_TIME` datetime DEFAULT NULL,
  `UPDATED_TIME` datetime DEFAULT NULL,
  PRIMARY KEY (`ID`),
  KEY `REQUEST_ID_FK_idx` (`REQUEST_ID`),
  KEY `BY_USER_FK_idx` (`BY_USER`),
  CONSTRAINT `BY_USER_FK` FOREIGN KEY (`BY_USER`) REFERENCES `users` (`USERNAME`) ON DELETE CASCADE ON UPDATE CASCADE,
  CONSTRAINT `REQUEST_ID_FK2` FOREIGN KEY (`REQUEST_ID`) REFERENCES `request` (`ID`) ON DELETE CASCADE ON UPDATE CASCADE
) ENGINE=InnoDB AUTO_INCREMENT=677 DEFAULT CHARSET=latin1;
/*!40101 SET character_set_client = @saved_cs_client */;

--
-- Dumping data for table `request_history`
--

LOCK TABLES `request_history` WRITE;
/*!40000 ALTER TABLE `request_history` DISABLE KEYS */;
INSERT INTO `request_history` VALUES (1,1,'PENDING','ravikumar','CPU','2016-11-19 06:50:04','2016-11-19 06:50:04'),(2,1,'APPROVED','shobha','approved','2016-11-19 07:23:22','2016-11-19 07:23:22'),(3,1,'ISSUED','ravikumar','issued','2016-11-19 07:26:26','2016-11-19 07:26:26'),(4,2,'PENDING','hospital','Hp 3090 CPU For hospital use','2016-11-23 09:45:05','2016-11-23 09:45:05'),(5,3,'PENDING','hospital','Hp elite 7100 cpu for hospital use','2016-11-23 09:45:36','2016-11-23 09:45:36'),(6,4,'PENDING','hospital','Hp Prolaint 380 g6 for hospital use','2016-11-23 09:46:51','2016-11-23 09:46:51'),(7,5,'PENDING','hospital','hp 18.5 moniter for hospital use','2016-11-23 09:47:30','2016-11-23 09:47:30'),(8,6,'PENDING','hospital','Hp Keyboard for hospital use','2016-11-23 09:48:03','2016-11-23 09:48:03'),(9,7,'PENDING','hospital','Hp Mouse for hospital use','2016-11-23 09:48:56','2016-11-23 09:48:56'),(10,8,'PENDING','hospital','APC 600va UPS for hospital use','2016-11-23 09:49:51','2016-11-23 09:49:51'),(11,9,'PENDING','hospital','2kv ups for hospital use','2016-11-23 09:50:10','2016-11-23 09:50:10'),(12,10,'PENDING','hospital','3kv ups for hospital use','2016-11-23 09:50:26','2016-11-23 09:50:26'),(13,11,'PENDING','hospital','Mono 1000 Series printer for hospital use','2016-11-23 09:51:17','2016-11-23 09:51:17'),(14,12,'PENDING','hospital','Hp 4015 printer for hospital use','2016-11-23 09:51:52','2016-11-23 09:51:52'),(15,13,'PENDING','hospital','color printer for hospital use','2016-11-23 09:52:29','2016-11-23 09:52:29'),(16,14,'PENDING','hospital','laserjet all in one printer for hospital use','2016-11-23 09:53:03','2016-11-23 09:53:03'),(17,15,'PENDING','hospital','A4 Scanner for hospital use','2016-11-23 09:53:44','2016-11-23 09:53:44'),(18,2,'APPROVED','shobha','for hospital use','2016-11-23 10:00:01','2016-11-23 10:00:01'),(19,3,'APPROVED','shobha','for hospital use','2016-11-23 10:00:30','2016-11-23 10:00:30'),(20,4,'APPROVED','shobha','for hospital use','2016-11-23 10:00:56','2016-11-23 10:00:56'),(21,5,'APPROVED','shobha','for hospital use','2016-11-23 10:01:24','2016-11-23 10:01:24'),(22,6,'APPROVED','shobha','for hospital use','2016-11-23 10:01:54','2016-11-23 10:01:54'),(23,7,'APPROVED','shobha','for hospital use','2016-11-23 10:03:49','2016-11-23 10:03:49'),(24,8,'APPROVED','shobha','for hospital use','2016-11-23 10:04:15','2016-11-23 10:04:15'),(25,9,'APPROVED','shobha','for hospital use','2016-11-23 10:04:29','2016-11-23 10:04:29'),(26,10,'APPROVED','shobha','for hospital use','2016-11-23 10:04:58','2016-11-23 10:04:58'),(27,11,'APPROVED','shobha','for hospital use','2016-11-23 10:05:34','2016-11-23 10:05:34'),(28,12,'APPROVED','shobha','for hospital use','2016-11-23 10:06:33','2016-11-23 10:06:33'),(29,14,'APPROVED','shobha','for hospital use','2016-11-23 10:07:30','2016-11-23 10:07:30'),(30,15,'APPROVED','shobha','for hospital use','2016-11-23 10:07:46','2016-11-23 10:07:46'),(31,13,'APPROVED','shobha','for hospital use','2016-11-23 10:10:52','2016-11-23 10:10:52'),(32,16,'PENDING','hospital','hp 3090 cpu for hosptial use','2016-11-23 10:41:52','2016-11-23 10:41:52'),(33,16,'APPROVED','shobha','for hospital use','2016-11-23 10:42:29','2016-11-23 10:42:29'),(34,2,'ISSUED','ravikumar','for hospital use','2016-11-23 10:46:03','2016-11-23 10:46:03'),(35,4,'ISSUED','ravikumar','for hospital use','2016-11-23 10:52:06','2016-11-23 10:52:06'),(36,3,'ISSUED','ravikumar','for hospital use','2016-11-23 10:54:58','2016-11-23 10:54:58'),(37,5,'ISSUED','ravikumar','for hospital use','2016-11-23 11:01:13','2016-11-23 11:01:13'),(38,6,'ISSUED','ravikumar','for hospital use','2016-11-23 11:09:30','2016-11-23 11:09:30'),(39,17,'PENDING','hospital','hp keyboard for hosptial use','2016-11-23 11:12:18','2016-11-23 11:12:18'),(40,17,'APPROVED','shobha','keyboard for hospital use','2016-11-23 11:13:11','2016-11-23 11:13:11'),(41,7,'ISSUED','ravikumar','for hospital use','2016-11-23 11:18:57','2016-11-23 11:18:57'),(42,8,'ISSUED','ravikumar','for hospital use','2016-11-23 11:32:02','2016-11-23 11:32:02'),(43,9,'ISSUED','ravikumar','for hospital use','2016-11-23 11:32:31','2016-11-23 11:32:31'),(44,10,'ISSUED','ravikumar','for hospital use','2016-11-23 11:32:50','2016-11-23 11:32:50'),(45,11,'ISSUED','ravikumar','for hospital use','2016-11-23 11:34:55','2016-11-23 11:34:55'),(46,12,'ISSUED','ravikumar','for hospital use','2016-11-23 11:35:35','2016-11-23 11:35:35'),(47,13,'ISSUED','ravikumar','for hospital use','2016-11-23 11:35:52','2016-11-23 11:35:52'),(48,14,'ISSUED','ravikumar','for hospital use','2016-11-23 11:36:07','2016-11-23 11:36:07'),(49,15,'ISSUED','ravikumar','for hospital use','2016-11-23 11:36:31','2016-11-23 11:36:31'),(50,16,'ISSUED','victor','for hospital use','2016-11-23 11:37:20','2016-11-23 11:37:20'),(51,17,'ISSUED','victor','for hospital use','2016-11-23 11:37:39','2016-11-23 11:37:39'),(52,18,'PENDING','hospital','hp mouse for hospital use','2016-11-23 11:38:43','2016-11-23 11:38:43'),(53,19,'PENDING','hospital','apc 600va ups for hospital use','2016-11-23 11:39:06','2016-11-23 11:39:06'),(54,18,'APPROVED','shobha','for hosptial use','2016-11-23 11:39:36','2016-11-23 11:39:36'),(55,19,'APPROVED','shobha','for hosptial use','2016-11-23 11:39:48','2016-11-23 11:39:48'),(56,19,'ISSUED','victor','for hospital use','2016-11-23 11:42:25','2016-11-23 11:42:25'),(57,18,'ISSUED','victor','for hospital use','2016-11-23 11:44:05','2016-11-23 11:44:05'),(58,20,'PENDING','childhospital','hp 3330 for child hospital','2016-11-24 07:07:39','2016-11-24 07:07:39'),(59,21,'PENDING','childhospital','hp 280 for child hospital','2016-11-24 07:08:03','2016-11-24 07:08:03'),(60,22,'PENDING','childhospital','hp 185e for child hospital','2016-11-24 07:08:35','2016-11-24 07:08:35'),(61,23,'PENDING','childhospital','hp keyboard for child hospital','2016-11-24 07:09:02','2016-11-24 07:09:02'),(62,24,'PENDING','childhospital','hp mouse for child hospital','2016-11-24 07:09:28','2016-11-24 07:09:28'),(63,25,'PENDING','childhospital','hp laserjet 202 dw for child hosptial','2016-11-24 07:10:16','2016-11-24 07:10:16'),(64,26,'PENDING','childhospital','hp laserjet 1136 for child hospital','2016-11-24 07:11:19','2016-11-24 07:11:19'),(65,27,'PENDING','childhospital','apc 600 va for child hospital','2016-11-24 07:11:38','2016-11-24 07:11:38'),(66,20,'APPROVED','shobha','for child hospital','2016-11-24 07:12:38','2016-11-24 07:12:38'),(67,21,'APPROVED','shobha','for child hospital','2016-11-24 07:12:51','2016-11-24 07:12:51'),(68,22,'APPROVED','shobha','for child hospital','2016-11-24 07:13:00','2016-11-24 07:13:00'),(69,23,'APPROVED','shobha','for child hospital','2016-11-24 07:13:11','2016-11-24 07:13:11'),(70,24,'APPROVED','shobha','for child hospital','2016-11-24 07:13:20','2016-11-24 07:13:20'),(71,25,'APPROVED','shobha','for child hospital','2016-11-24 07:13:27','2016-11-24 07:13:27'),(72,26,'APPROVED','shobha','for child hospital','2016-11-24 07:13:35','2016-11-24 07:13:35'),(73,27,'APPROVED','shobha','for child hospital','2016-11-24 07:13:43','2016-11-24 07:13:43'),(74,20,'ISSUED','ravikumar','for child hospital use','2016-11-24 07:30:51','2016-11-24 07:30:51'),(75,21,'ISSUED','ravikumar','for child hospital use','2016-11-24 07:31:31','2016-11-24 07:31:31'),(76,22,'ISSUED','ravikumar','for child hospital use','2016-11-24 07:32:25','2016-11-24 07:32:25'),(77,23,'ISSUED','ravikumar','','2016-11-24 07:33:13','2016-11-24 07:33:13'),(78,24,'ISSUED','ravikumar','for child hospital use','2016-11-24 07:36:30','2016-11-24 07:36:30'),(79,25,'ISSUED','ravikumar','for child hospital use','2016-11-24 07:36:59','2016-11-24 07:36:59'),(80,26,'ISSUED','ravikumar','for child hospital use','2016-11-24 07:37:14','2016-11-24 07:37:14'),(81,27,'ISSUED','ravikumar','for child hospital use','2016-11-24 07:38:09','2016-11-24 07:38:09'),(82,28,'PENDING','victor','hp pro 3330 mt','2016-11-28 05:34:04','2016-11-28 05:34:04'),(83,29,'PENDING','victor','hp 185e','2016-11-28 05:34:17','2016-11-28 05:34:17'),(84,30,'PENDING','victor','hp keyboard','2016-11-28 05:34:28','2016-11-28 05:34:28'),(85,31,'PENDING','victor','hp mouse','2016-11-28 05:34:38','2016-11-28 05:34:38'),(86,32,'PENDING','victor','hp color laserjet m175','2016-11-28 05:34:58','2016-11-28 05:34:58'),(87,33,'PENDING','victor','elnova 1 kv','2016-11-28 05:35:19','2016-11-28 05:35:19'),(88,28,'APPROVED','shobha','for IT Use','2016-11-28 05:41:11','2016-11-28 05:41:11'),(89,29,'APPROVED','shobha','for IT Use','2016-11-28 05:41:24','2016-11-28 05:41:24'),(90,30,'APPROVED','shobha','For IT use','2016-11-28 05:41:49','2016-11-28 05:41:49'),(91,31,'APPROVED','shobha','For IT use','2016-11-28 05:42:05','2016-11-28 05:42:05'),(92,32,'APPROVED','shobha','For IT use','2016-11-28 05:42:20','2016-11-28 05:42:20'),(93,33,'APPROVED','shobha','For IT use','2016-11-28 05:42:31','2016-11-28 05:42:31'),(94,34,'PENDING','ranjeet','for  office use','2016-11-28 05:48:33','2016-11-28 05:48:33'),(95,34,'APPROVED','shobha','For IT use','2016-11-28 05:48:54','2016-11-28 05:48:54'),(96,35,'PENDING','ranjeet','for office use','2016-11-28 05:48:56','2016-11-28 05:48:56'),(97,35,'APPROVED','shobha','For IT use','2016-11-28 05:49:08','2016-11-28 05:49:08'),(98,36,'PENDING','ranjeet','for office use','2016-11-28 05:49:32','2016-11-28 05:49:32'),(99,36,'APPROVED','shobha','for IT Use','2016-11-28 05:49:58','2016-11-28 05:49:58'),(100,37,'PENDING','ranjeet','for office use','2016-11-28 05:50:00','2016-11-28 05:50:00'),(101,38,'PENDING','shobha','for office use','2016-11-28 05:54:12','2016-11-28 05:54:12'),(102,39,'PENDING','shobha','for office use','2016-11-28 05:57:07','2016-11-28 05:57:07'),(103,40,'PENDING','shobha','for office use','2016-11-28 05:58:21','2016-11-28 05:58:21'),(104,41,'PENDING','shobha','for office use','2016-11-28 05:59:20','2016-11-28 05:59:20'),(105,37,'APPROVED','shobha','for IT Use','2016-11-28 05:59:45','2016-11-28 05:59:45'),(106,42,'PENDING','shobha','for office use','2016-11-28 05:59:54','2016-11-28 05:59:54'),(107,43,'PENDING','shobha','for office use','2016-11-28 06:00:21','2016-11-28 06:00:21'),(108,38,'APPROVED','shobha','for office use','2016-11-28 06:00:24','2016-11-28 06:00:24'),(109,39,'APPROVED','shobha','for office use','2016-11-28 06:00:37','2016-11-28 06:00:37'),(110,40,'APPROVED','shobha','for office use','2016-11-28 06:00:46','2016-11-28 06:00:46'),(111,41,'APPROVED','shobha','for office use','2016-11-28 06:00:54','2016-11-28 06:00:54'),(112,42,'APPROVED','shobha','for office use','2016-11-28 06:01:03','2016-11-28 06:01:03'),(113,43,'APPROVED','shobha','for office use','2016-11-28 06:01:12','2016-11-28 06:01:12'),(114,44,'PENDING','sushma','for office use','2016-11-28 06:02:38','2016-11-28 06:02:38'),(115,45,'PENDING','sushma','for office use','2016-11-28 06:03:21','2016-11-28 06:03:21'),(116,46,'PENDING','sushma','for office use','2016-11-28 06:03:32','2016-11-28 06:03:32'),(117,47,'PENDING','sushma','for office use','2016-11-28 06:03:53','2016-11-28 06:03:53'),(118,48,'PENDING','arun','for office use','2016-11-28 06:04:55','2016-11-28 06:04:55'),(119,49,'PENDING','arun','for office use','2016-11-28 06:05:11','2016-11-28 06:05:11'),(120,50,'PENDING','arun','for office use','2016-11-28 06:05:44','2016-11-28 06:05:44'),(121,51,'PENDING','arun','for office use','2016-11-28 06:05:54','2016-11-28 06:05:54'),(122,28,'ISSUED','victor','hp pro 3330 mt','2016-11-28 06:06:07','2016-11-28 06:06:07'),(123,29,'ISSUED','victor','hp 185e','2016-11-28 06:07:02','2016-11-28 06:07:02'),(124,52,'PENDING','computercell','for office use','2016-11-28 06:07:23','2016-11-28 06:07:23'),(125,30,'ISSUED','victor','hp keyboard','2016-11-28 06:07:28','2016-11-28 06:07:28'),(126,53,'PENDING','computercell','for office use','2016-11-28 06:07:42','2016-11-28 06:07:42'),(127,31,'ISSUED','victor','hp mouse','2016-11-28 06:07:48','2016-11-28 06:07:48'),(128,54,'PENDING','computercell','for office use','2016-11-28 06:07:57','2016-11-28 06:07:57'),(129,55,'PENDING','computercell','for office use','2016-11-28 06:08:07','2016-11-28 06:08:07'),(130,56,'PENDING','computercell','for office use','2016-11-28 06:08:28','2016-11-28 06:08:28'),(131,32,'ISSUED','victor','hp color laserjet m175n','2016-11-28 06:08:39','2016-11-28 06:08:39'),(132,33,'ISSUED','victor','ups elnova 1 kv','2016-11-28 06:09:14','2016-11-28 06:09:14'),(133,57,'PENDING','ajay','For Office Use','2016-11-28 06:16:39','2016-11-28 06:16:39'),(134,58,'PENDING','ajay','For Office Use','2016-11-28 06:21:10','2016-11-28 06:21:10'),(135,59,'PENDING','satish','for office ','2016-11-28 06:22:32','2016-11-28 06:22:32'),(136,60,'PENDING','satish','for office','2016-11-28 06:23:05','2016-11-28 06:23:05'),(137,61,'PENDING','satish','','2016-11-28 06:23:18','2016-11-28 06:23:18'),(138,62,'PENDING','satish','','2016-11-28 06:23:29','2016-11-28 06:23:29'),(139,63,'PENDING','satish','','2016-11-28 06:23:39','2016-11-28 06:23:39'),(140,34,'ISSUED','victor','hp 3090 mt','2016-11-28 06:23:53','2016-11-28 06:23:53'),(141,64,'PENDING','ajay','For Office Use','2016-11-28 06:24:14','2016-11-28 06:24:14'),(142,35,'ISSUED','victor','hp185e','2016-11-28 06:24:18','2016-11-28 06:24:18'),(143,65,'PENDING','ajay','For Office Use','2016-11-28 06:24:23','2016-11-28 06:24:23'),(144,36,'ISSUED','victor','hp mouse','2016-11-28 06:24:36','2016-11-28 06:24:36'),(145,66,'PENDING','ajay','For Office Use','2016-11-28 06:24:37','2016-11-28 06:24:37'),(146,67,'PENDING','ajay','For Office Use','2016-11-28 06:24:47','2016-11-28 06:24:47'),(147,37,'ISSUED','victor','apc 1 kv','2016-11-28 06:25:07','2016-11-28 06:25:07'),(148,38,'ISSUED','victor','hp 3330 mt','2016-11-28 06:27:01','2016-11-28 06:27:01'),(149,39,'ISSUED','victor','hp 185e','2016-11-28 06:27:46','2016-11-28 06:27:46'),(150,40,'ISSUED','victor','apc 600va','2016-11-28 06:28:23','2016-11-28 06:28:23'),(151,41,'ISSUED','victor','hp color laserjet m176n','2016-11-28 06:29:30','2016-11-28 06:29:30'),(152,42,'ISSUED','victor','hp keybaord','2016-11-28 06:30:00','2016-11-28 06:30:00'),(153,43,'ISSUED','victor','hp mouse','2016-11-28 06:30:23','2016-11-28 06:30:23'),(154,44,'APPROVED','shobha','Hp touch Smart 600','2016-11-28 06:31:52','2016-11-28 06:31:52'),(155,45,'APPROVED','shobha','Hp Mouse','2016-11-28 06:32:11','2016-11-28 06:32:11'),(156,46,'APPROVED','shobha','Hp keyboard','2016-11-28 06:32:29','2016-11-28 06:32:29'),(157,47,'APPROVED','shobha','APC 600va','2016-11-28 06:32:53','2016-11-28 06:32:53'),(158,48,'APPROVED','shobha','Hp 3090 CPU','2016-11-28 06:33:20','2016-11-28 06:33:20'),(159,49,'APPROVED','shobha','Hp TFT 15','2016-11-28 06:33:36','2016-11-28 06:33:36'),(160,50,'APPROVED','shobha','Elnova 650 va','2016-11-28 06:37:46','2016-11-28 06:37:46'),(161,51,'APPROVED','shobha','Hp Mouse','2016-11-28 06:37:59','2016-11-28 06:37:59'),(162,52,'APPROVED','shobha','Hp 3090 cpu','2016-11-28 06:38:20','2016-11-28 06:38:20'),(163,53,'APPROVED','shobha','Hp TFT 17','2016-11-28 06:38:35','2016-11-28 06:38:35'),(164,54,'APPROVED','shobha','HP Keyboard','2016-11-28 06:38:52','2016-11-28 06:38:52'),(165,55,'APPROVED','shobha','HP  mouse','2016-11-28 06:39:10','2016-11-28 06:39:10'),(166,56,'APPROVED','shobha','Elnova 1100 va','2016-11-28 06:39:31','2016-11-28 06:39:31'),(167,57,'APPROVED','shobha','Hp 3090 MT','2016-11-28 06:39:50','2016-11-28 06:39:50'),(168,58,'APPROVED','shobha','Hp tft 18.5','2016-11-28 06:40:08','2016-11-28 06:40:08'),(169,59,'APPROVED','shobha','Hp 3090 MT','2016-11-28 06:40:28','2016-11-28 06:40:28'),(170,60,'APPROVED','shobha','Hp TFT 18.5','2016-11-28 06:40:52','2016-11-28 06:40:52'),(171,61,'APPROVED','shobha','Hp Keyboard','2016-11-28 06:41:08','2016-11-28 06:41:08'),(172,62,'APPROVED','shobha','Hp  Mouse','2016-11-28 06:41:21','2016-11-28 06:41:21'),(173,63,'APPROVED','shobha','APC 1100va','2016-11-28 06:41:44','2016-11-28 06:41:44'),(174,64,'APPROVED','shobha','Hp mouse','2016-11-28 06:42:16','2016-11-28 06:42:16'),(175,65,'APPROVED','shobha','Hp keyboard','2016-11-28 06:42:37','2016-11-28 06:42:37'),(176,66,'APPROVED','shobha','Hp Laserjet m425n','2016-11-28 06:43:00','2016-11-28 06:43:00'),(177,67,'APPROVED','shobha','Elnova 650va','2016-11-28 06:43:18','2016-11-28 06:43:18'),(178,48,'ISSUED','victor','for office use','2016-11-28 06:48:25','2016-11-28 06:48:25'),(179,49,'ISSUED','victor','for office use','2016-11-28 06:49:08','2016-11-28 06:49:08'),(180,50,'ISSUED','victor','for office use','2016-11-28 06:49:41','2016-11-28 06:49:41'),(181,51,'ISSUED','victor','for office use ','2016-11-28 06:50:17','2016-11-28 06:50:17'),(182,44,'ISSUED','victor','for office use','2016-11-28 06:51:16','2016-11-28 06:51:16'),(183,45,'ISSUED','victor','for office use','2016-11-28 06:52:16','2016-11-28 06:52:16'),(184,46,'ISSUED','victor','for office use','2016-11-28 06:54:57','2016-11-28 06:54:57'),(185,47,'ISSUED','victor','for office use','2016-11-28 06:55:39','2016-11-28 06:55:39'),(186,52,'ISSUED','victor','for office use','2016-11-28 06:58:45','2016-11-28 06:58:45'),(187,53,'ISSUED','victor','for office use','2016-11-28 06:59:13','2016-11-28 06:59:13'),(188,54,'ISSUED','victor','for office use','2016-11-28 06:59:58','2016-11-28 06:59:58'),(189,55,'ISSUED','victor','for office use','2016-11-28 07:00:43','2016-11-28 07:00:43'),(190,56,'ISSUED','victor','for office use','2016-11-28 07:01:13','2016-11-28 07:01:13'),(191,57,'ISSUED','victor','for office use','2016-11-28 07:01:47','2016-11-28 07:01:47'),(192,58,'ISSUED','victor','for office use','2016-11-28 07:02:44','2016-11-28 07:02:44'),(193,64,'ISSUED','victor','for office use','2016-11-28 07:03:24','2016-11-28 07:03:24'),(194,66,'ISSUED','victor','for office use','2016-11-28 07:05:52','2016-11-28 07:05:52'),(195,67,'ISSUED','victor','for office use','2016-11-28 07:06:25','2016-11-28 07:06:25'),(196,65,'ISSUED','victor','for office use','2016-11-28 07:07:12','2016-11-28 07:07:12'),(197,59,'ISSUED','victor','for office use','2016-11-28 07:12:30','2016-11-28 07:12:30'),(198,60,'ISSUED','victor','for office use','2016-11-28 07:12:52','2016-11-28 07:12:52'),(199,61,'ISSUED','victor','for office use','2016-11-28 07:13:29','2016-11-28 07:13:29'),(200,62,'ISSUED','victor','for office use','2016-11-28 07:14:21','2016-11-28 07:14:21'),(201,63,'ISSUED','victor','for office use','2016-11-28 07:14:45','2016-11-28 07:14:45'),(202,68,'PENDING','ruby','for office use','2016-11-29 07:39:06','2016-11-29 07:39:06'),(203,69,'PENDING','ruby','for office use','2016-11-29 07:39:29','2016-11-29 07:39:29'),(204,70,'PENDING','ruby','for office use','2016-11-29 07:39:35','2016-11-29 07:39:35'),(205,71,'PENDING','ruby','for office use','2016-11-29 07:39:44','2016-11-29 07:39:44'),(206,72,'PENDING','ruby','for office use','2016-11-29 07:39:59','2016-11-29 07:39:59'),(207,73,'PENDING','ruby','for office use','2016-11-29 07:40:08','2016-11-29 07:40:08'),(208,68,'APPROVED','shobha','Hp 3090 MT','2016-11-29 07:40:47','2016-11-29 07:40:47'),(209,69,'APPROVED','shobha','Hp 17 tft','2016-11-29 07:41:03','2016-11-29 07:41:03'),(210,70,'APPROVED','shobha','Hp keyboard','2016-11-29 07:41:33','2016-11-29 07:41:33'),(211,71,'APPROVED','shobha','Hp Mouse','2016-11-29 07:41:57','2016-11-29 07:41:57'),(212,72,'APPROVED','shobha','Hp Laserjet 1020 plus','2016-11-29 07:42:13','2016-11-29 07:42:13'),(213,73,'APPROVED','shobha','elnova 650a','2016-11-29 07:42:36','2016-11-29 07:42:36'),(214,68,'ISSUED','victor','for office use ','2016-11-29 07:43:49','2016-11-29 07:43:49'),(215,69,'ISSUED','victor','for office use','2016-11-29 07:44:33','2016-11-29 07:44:33'),(216,70,'ISSUED','victor','for office use','2016-11-29 07:44:54','2016-11-29 07:44:54'),(217,71,'ISSUED','victor','for office use','2016-11-29 07:45:14','2016-11-29 07:45:14'),(218,72,'ISSUED','victor','for office use','2016-11-29 07:45:37','2016-11-29 07:45:37'),(219,73,'ISSUED','victor','for office use','2016-11-29 07:46:00','2016-11-29 07:46:00'),(220,74,'PENDING','ravikumar','for office use','2016-11-29 07:46:08','2016-11-29 07:46:08'),(221,75,'PENDING','ravikumar','for office use','2016-11-29 07:46:15','2016-11-29 07:46:15'),(222,76,'PENDING','ravikumar','for office use','2016-11-29 07:46:22','2016-11-29 07:46:22'),(223,74,'APPROVED','shobha','Hp vs15 tft','2016-11-29 07:47:08','2016-11-29 07:47:08'),(224,75,'APPROVED','shobha','HP keyboard','2016-11-29 07:47:34','2016-11-29 07:47:34'),(225,76,'APPROVED','shobha','hp Mouse','2016-11-29 07:47:44','2016-11-29 07:47:44'),(226,74,'ISSUED','victor','for office use','2016-11-29 07:48:12','2016-11-29 07:48:12'),(227,75,'ISSUED','victor','for office use','2016-11-29 07:48:34','2016-11-29 07:48:34'),(228,76,'ISSUED','victor','for office use','2016-11-29 07:48:56','2016-11-29 07:48:56'),(229,77,'PENDING','ravikumar','for office use','2016-11-29 07:49:31','2016-11-29 07:49:31'),(230,77,'APPROVED','shobha','elnova 600va','2016-11-29 07:50:03','2016-11-29 07:50:03'),(231,77,'ISSUED','victor','for office use','2016-11-29 07:50:49','2016-11-29 07:50:49'),(232,78,'PENDING','siddharth','hp 280','2016-12-01 06:35:26','2016-12-01 06:35:26'),(233,79,'PENDING','siddharth','hp lv1911','2016-12-01 06:35:43','2016-12-01 06:35:43'),(234,80,'PENDING','siddharth','hp keybaord','2016-12-01 06:35:58','2016-12-01 06:35:58'),(235,81,'PENDING','siddharth','hp mouse','2016-12-01 06:36:10','2016-12-01 06:36:10'),(236,82,'PENDING','siddharth','hp laserjet 1020 plus','2016-12-01 06:36:29','2016-12-01 06:36:29'),(237,83,'PENDING','siddharth','apc 600va','2016-12-01 06:36:48','2016-12-01 06:36:48'),(238,78,'APPROVED','shobha','For office use','2016-12-01 06:37:55','2016-12-01 06:37:55'),(239,79,'APPROVED','shobha','for office use','2016-12-01 06:38:09','2016-12-01 06:38:09'),(240,80,'APPROVED','shobha','for office use','2016-12-01 06:38:23','2016-12-01 06:38:23'),(241,81,'APPROVED','shobha','for office use','2016-12-01 06:38:36','2016-12-01 06:38:36'),(242,82,'APPROVED','shobha','for office use','2016-12-01 06:38:54','2016-12-01 06:38:54'),(243,83,'APPROVED','shobha','for office use','2016-12-01 06:39:08','2016-12-01 06:39:08'),(244,78,'ISSUED','ravikumar','for office use','2016-12-01 06:40:00','2016-12-01 06:40:00'),(245,79,'ISSUED','ravikumar','for office use','2016-12-01 06:40:23','2016-12-01 06:40:23'),(246,80,'ISSUED','ravikumar','for office use','2016-12-01 06:40:46','2016-12-01 06:40:46'),(247,81,'ISSUED','ravikumar','for office use','2016-12-01 06:41:10','2016-12-01 06:41:10'),(248,82,'ISSUED','ravikumar','for office use','2016-12-01 06:41:33','2016-12-01 06:41:33'),(249,83,'ISSUED','ravikumar','for office use','2016-12-01 06:42:04','2016-12-01 06:42:04'),(250,84,'PENDING','zahid','for office use','2016-12-01 06:54:22','2016-12-01 06:54:22'),(251,85,'PENDING','zahid','for office use','2016-12-01 06:54:30','2016-12-01 06:54:30'),(252,86,'PENDING','zahid','for office use','2016-12-01 06:54:38','2016-12-01 06:54:38'),(253,87,'PENDING','zahid','for office use','2016-12-01 06:54:45','2016-12-01 06:54:45'),(254,88,'PENDING','zahid','for office use','2016-12-01 06:54:53','2016-12-01 06:54:53'),(255,89,'PENDING','zahid','for office use','2016-12-01 06:55:00','2016-12-01 06:55:00'),(256,84,'APPROVED','shobha','for office use','2016-12-01 07:13:38','2016-12-01 07:13:38'),(257,85,'APPROVED','shobha','for office use','2016-12-01 07:13:50','2016-12-01 07:13:50'),(258,86,'APPROVED','shobha','for office use','2016-12-01 07:14:01','2016-12-01 07:14:01'),(259,87,'APPROVED','shobha','for office use','2016-12-01 07:14:16','2016-12-01 07:14:16'),(260,88,'APPROVED','shobha','for office use','2016-12-01 07:14:26','2016-12-01 07:14:26'),(261,89,'APPROVED','shobha','for office use','2016-12-01 07:14:38','2016-12-01 07:14:38'),(262,84,'ISSUED','ravikumar','for office use','2016-12-01 07:15:49','2016-12-01 07:15:49'),(263,85,'ISSUED','ravikumar','for office use','2016-12-01 07:16:11','2016-12-01 07:16:11'),(264,86,'ISSUED','ravikumar','for office use','2016-12-01 07:17:09','2016-12-01 07:17:09'),(265,87,'ISSUED','ravikumar','for office use','2016-12-01 07:17:33','2016-12-01 07:17:33'),(266,88,'ISSUED','ravikumar','for office use','2016-12-01 07:17:54','2016-12-01 07:17:54'),(267,89,'ISSUED','ravikumar','for office use','2016-12-01 07:18:14','2016-12-01 07:18:14'),(268,90,'PENDING','ajit','for office use','2016-12-01 08:48:38','2016-12-01 08:48:38'),(269,90,'APPROVED','sushma','jal-3','2016-12-01 08:57:32','2016-12-01 08:57:32'),(270,90,'ISSUED','victor','for offiice use','2016-12-01 08:59:23','2016-12-01 08:59:23'),(271,91,'PENDING','tendercell','for office use','2016-12-01 09:07:30','2016-12-01 09:07:30'),(272,91,'APPROVED','sushma','','2016-12-01 09:23:47','2016-12-01 09:23:47'),(273,91,'ISSUED','victor','for office use','2016-12-01 09:28:20','2016-12-01 09:28:20'),(274,92,'PENDING','gschilwal','for office use','2016-12-01 09:56:23','2016-12-01 09:56:23'),(275,93,'PENDING','gschilwal','for office use','2016-12-01 09:56:41','2016-12-01 09:56:41'),(276,94,'PENDING','gschilwal','for office use','2016-12-01 09:57:08','2016-12-01 09:57:08'),(277,95,'PENDING','gschilwal','for office use','2016-12-01 09:57:22','2016-12-01 09:57:22'),(278,96,'PENDING','gschilwal','for office use','2016-12-01 09:57:31','2016-12-01 09:57:31'),(279,97,'PENDING','gschilwal','for office use','2016-12-01 09:57:44','2016-12-01 09:57:44'),(280,98,'PENDING','instiutional','for office use','2016-12-01 10:00:26','2016-12-01 10:00:26'),(281,99,'PENDING','instiutional','for office use','2016-12-01 10:00:36','2016-12-01 10:00:36'),(282,100,'PENDING','instiutional','for office use','2016-12-01 10:00:52','2016-12-01 10:00:52'),(283,101,'PENDING','instiutional','for office use','2016-12-01 10:00:59','2016-12-01 10:00:59'),(284,102,'PENDING','instiutional','for office use','2016-12-01 10:01:11','2016-12-01 10:01:11'),(285,103,'PENDING','instiutional','for office use','2016-12-01 10:01:20','2016-12-01 10:01:20'),(286,104,'PENDING','instiutional','for office use','2016-12-01 10:02:08','2016-12-01 10:02:08'),(287,105,'PENDING','instiutional','for office use','2016-12-01 10:02:30','2016-12-01 10:02:30'),(288,106,'PENDING','instiutional','for office use','2016-12-01 10:02:42','2016-12-01 10:02:42'),(289,92,'APPROVED','shobha','Hp 3330','2016-12-01 10:03:22','2016-12-01 10:03:22'),(290,93,'APPROVED','shobha','hp 18.5 tft','2016-12-01 10:03:50','2016-12-01 10:03:50'),(291,94,'APPROVED','shobha','mouse','2016-12-01 10:04:03','2016-12-01 10:04:03'),(292,95,'APPROVED','shobha','keyboard','2016-12-01 10:04:18','2016-12-01 10:04:18'),(293,96,'APPROVED','shobha','apc 600va','2016-12-01 10:04:36','2016-12-01 10:04:36'),(294,97,'APPROVED','shobha','hp laserjet 1020 plus','2016-12-01 10:05:12','2016-12-01 10:05:12'),(295,98,'APPROVED','shobha','hp 3330','2016-12-01 10:05:44','2016-12-01 10:05:44'),(296,99,'APPROVED','shobha','hp 2480','2016-12-01 10:05:59','2016-12-01 10:05:59'),(297,100,'APPROVED','shobha','hp 15.5 tft','2016-12-01 10:06:22','2016-12-01 10:06:22'),(298,101,'APPROVED','shobha','hp 18.5 tft','2016-12-01 10:06:37','2016-12-01 10:06:37'),(299,102,'APPROVED','shobha','hp keyboard','2016-12-01 10:06:51','2016-12-01 10:06:51'),(300,103,'APPROVED','shobha','mouse','2016-12-01 10:07:18','2016-12-01 10:07:18'),(301,104,'APPROVED','shobha','600va ups','2016-12-01 10:07:51','2016-12-01 10:07:51'),(302,105,'APPROVED','shobha','hp laserjet 2015n','2016-12-01 10:08:09','2016-12-01 10:08:09'),(303,106,'APPROVED','shobha','hp laserjet 1136','2016-12-01 10:08:52','2016-12-01 10:08:52'),(304,107,'PENDING','omprakash','office use','2016-12-01 11:02:58','2016-12-01 11:02:58'),(305,92,'ISSUED','victor','for office use','2016-12-01 11:13:04','2016-12-01 11:13:04'),(306,93,'ISSUED','victor','for office use','2016-12-01 11:13:49','2016-12-01 11:13:49'),(307,94,'ISSUED','victor','for office use','2016-12-01 11:14:19','2016-12-01 11:14:19'),(308,95,'ISSUED','victor','for office use','2016-12-01 11:14:45','2016-12-01 11:14:45'),(309,96,'ISSUED','victor','for office use','2016-12-01 11:15:32','2016-12-01 11:15:32'),(310,97,'ISSUED','victor','for office use','2016-12-01 11:15:52','2016-12-01 11:15:52'),(311,98,'ISSUED','victor','for office use','2016-12-01 11:17:11','2016-12-01 11:17:11'),(312,99,'ISSUED','victor','for office use','2016-12-01 11:18:19','2016-12-01 11:18:19'),(313,100,'ISSUED','victor','for office use','2016-12-01 11:19:00','2016-12-01 11:19:00'),(314,101,'ISSUED','victor','for office use','2016-12-01 11:19:50','2016-12-01 11:19:50'),(315,102,'ISSUED','victor','for office use','2016-12-01 11:21:45','2016-12-01 11:21:45'),(316,103,'ISSUED','victor','for office use','2016-12-01 11:22:35','2016-12-01 11:22:35'),(317,108,'PENDING','ravi','for office use','2016-12-01 11:23:22','2016-12-01 11:23:22'),(318,109,'PENDING','ravi','for office use','2016-12-01 11:23:30','2016-12-01 11:23:30'),(319,104,'ISSUED','victor','for office use','2016-12-01 11:23:39','2016-12-01 11:23:39'),(320,110,'PENDING','ravi','for office use','2016-12-01 11:23:44','2016-12-01 11:23:44'),(321,111,'PENDING','ravi','for office use','2016-12-01 11:23:54','2016-12-01 11:23:54'),(322,112,'PENDING','ravi','for office use','2016-12-01 11:24:11','2016-12-01 11:24:11'),(323,113,'PENDING','ravi','for office use','2016-12-01 11:24:52','2016-12-01 11:24:52'),(324,105,'ISSUED','victor','for office use','2016-12-01 11:25:05','2016-12-01 11:25:05'),(325,114,'PENDING','instiutional','for office use','2016-12-01 11:25:19','2016-12-01 11:25:19'),(326,106,'ISSUED','victor','for office use','2016-12-01 11:25:30','2016-12-01 11:25:30'),(327,114,'APPROVED','shobha','hp keyboard','2016-12-01 11:26:53','2016-12-01 11:26:53'),(328,114,'ISSUED','victor','for office use','2016-12-01 11:27:21','2016-12-01 11:27:21'),(329,115,'PENDING','abid','for office use','2016-12-01 11:28:52','2016-12-01 11:28:52'),(330,116,'PENDING','abid','for office use','2016-12-01 11:29:07','2016-12-01 11:29:07'),(331,117,'PENDING','abid','for office use','2016-12-01 11:29:15','2016-12-01 11:29:15'),(332,118,'PENDING','abid','for office use','2016-12-01 11:29:37','2016-12-01 11:29:37'),(333,108,'APPROVED','shobha','for office use','2016-12-01 11:29:38','2016-12-01 11:29:38'),(334,109,'APPROVED','shobha','for office use','2016-12-01 11:29:51','2016-12-01 11:29:51'),(335,119,'PENDING','abid','for office use','2016-12-01 11:29:51','2016-12-01 11:29:51'),(336,120,'PENDING','abid','for office use','2016-12-01 11:30:02','2016-12-01 11:30:02'),(337,110,'APPROVED','shobha','for office use','2016-12-01 11:30:04','2016-12-01 11:30:04'),(338,111,'APPROVED','shobha','for office use','2016-12-01 11:30:16','2016-12-01 11:30:16'),(339,112,'APPROVED','shobha','for office use','2016-12-01 11:30:33','2016-12-01 11:30:33'),(340,113,'APPROVED','shobha','for office use','2016-12-01 11:30:47','2016-12-01 11:30:47'),(341,115,'APPROVED','shobha','for office use','2016-12-01 11:31:04','2016-12-01 11:31:04'),(342,116,'APPROVED','shobha','for office use','2016-12-01 11:31:22','2016-12-01 11:31:22'),(343,117,'APPROVED','shobha','for office use','2016-12-01 11:31:41','2016-12-01 11:31:41'),(344,118,'APPROVED','shobha','for office use','2016-12-01 11:31:52','2016-12-01 11:31:52'),(345,119,'APPROVED','shobha','for office use','2016-12-01 11:32:10','2016-12-01 11:32:10'),(346,120,'APPROVED','shobha','for office use','2016-12-01 11:32:26','2016-12-01 11:32:26'),(347,121,'PENDING','manju','for office use','2016-12-01 11:33:38','2016-12-01 11:33:38'),(348,122,'PENDING','manju','for office use','2016-12-01 11:33:48','2016-12-01 11:33:48'),(349,123,'PENDING','manju','for office use','2016-12-01 11:33:55','2016-12-01 11:33:55'),(350,124,'PENDING','manju','for office use','2016-12-01 11:34:00','2016-12-01 11:34:00'),(351,125,'PENDING','manju','for office use','2016-12-01 11:34:07','2016-12-01 11:34:07'),(352,126,'PENDING','manju','for office use','2016-12-01 11:34:16','2016-12-01 11:34:16'),(353,108,'ISSUED','victor','for office use','2016-12-01 11:35:08','2016-12-01 11:35:08'),(354,127,'PENDING','omprakash','for office use','2016-12-01 11:35:25','2016-12-01 11:35:25'),(355,128,'PENDING','omprakash','for office use','2016-12-01 11:35:32','2016-12-01 11:35:32'),(356,109,'ISSUED','victor','for office use','2016-12-01 11:35:39','2016-12-01 11:35:39'),(357,129,'PENDING','omprakash','for office use','2016-12-01 11:35:39','2016-12-01 11:35:39'),(358,130,'PENDING','omprakash','for office use','2016-12-01 11:35:45','2016-12-01 11:35:45'),(359,131,'PENDING','omprakash','for office use','2016-12-01 11:35:54','2016-12-01 11:35:54'),(360,132,'PENDING','omprakash','for office use','2016-12-01 11:36:04','2016-12-01 11:36:04'),(361,110,'ISSUED','victor','for office use','2016-12-01 11:36:20','2016-12-01 11:36:20'),(362,133,'PENDING','tendercell','for office use','2016-12-01 11:38:14','2016-12-01 11:38:14'),(363,134,'PENDING','tendercell','for office use','2016-12-01 11:38:22','2016-12-01 11:38:22'),(364,135,'PENDING','tendercell','for office use','2016-12-01 11:38:40','2016-12-01 11:38:40'),(365,136,'PENDING','tendercell','for office use','2016-12-01 11:38:47','2016-12-01 11:38:47'),(366,137,'PENDING','tendercell','for office use','2016-12-01 11:39:02','2016-12-01 11:39:02'),(367,138,'PENDING','tendercell','for office use','2016-12-01 11:39:44','2016-12-01 11:39:44'),(368,139,'PENDING','tendercell','for office use','2016-12-01 11:39:52','2016-12-01 11:39:52'),(369,140,'PENDING','tendercell','for office use','2016-12-01 11:40:14','2016-12-01 11:40:14'),(370,141,'PENDING','tendercell','for office use','2016-12-01 11:40:28','2016-12-01 11:40:28'),(371,142,'PENDING','tendercell','for office use','2016-12-01 11:40:46','2016-12-01 11:40:46'),(372,121,'APPROVED','shobha','hp 202','2016-12-01 11:42:21','2016-12-01 11:42:21'),(373,122,'APPROVED','shobha','hp tft 18.5','2016-12-01 11:42:37','2016-12-01 11:42:37'),(374,111,'ISSUED','victor','for office use','2016-12-01 11:43:42','2016-12-01 11:43:42'),(375,123,'APPROVED','shobha','keyboard','2016-12-01 11:43:47','2016-12-01 11:43:47'),(376,124,'APPROVED','shobha','mouse','2016-12-01 11:44:05','2016-12-01 11:44:05'),(377,112,'ISSUED','victor','for office use','2016-12-01 11:45:12','2016-12-01 11:45:12'),(378,113,'ISSUED','victor','for office use','2016-12-01 11:45:50','2016-12-01 11:45:50'),(379,125,'APPROVED','shobha','ups 600va','2016-12-01 11:46:11','2016-12-01 11:46:11'),(380,126,'APPROVED','shobha','hp laserjet m401d','2016-12-01 11:46:32','2016-12-01 11:46:32'),(381,127,'APPROVED','shobha','hp 202','2016-12-01 11:46:45','2016-12-01 11:46:45'),(382,128,'APPROVED','shobha','keyboard','2016-12-01 11:46:56','2016-12-01 11:46:56'),(383,129,'APPROVED','shobha','keyboard','2016-12-01 11:47:18','2016-12-01 11:47:18'),(384,130,'APPROVED','shobha','mouse','2016-12-01 11:47:32','2016-12-01 11:47:32'),(385,131,'APPROVED','shobha','600va','2016-12-01 11:47:46','2016-12-01 11:47:46'),(386,115,'ISSUED','victor','for office use','2016-12-01 11:48:00','2016-12-01 11:48:00'),(387,132,'APPROVED','shobha','hp laserjet m604','2016-12-01 11:48:09','2016-12-01 11:48:09'),(388,133,'APPROVED','shobha','hp 202','2016-12-01 11:48:34','2016-12-01 11:48:34'),(389,134,'APPROVED','shobha','hp 3330','2016-12-01 11:48:51','2016-12-01 11:48:51'),(390,135,'APPROVED','shobha','hp 15.5 tft','2016-12-01 11:49:29','2016-12-01 11:49:29'),(391,136,'APPROVED','shobha','hp 18.5 tft','2016-12-01 11:49:48','2016-12-01 11:49:48'),(392,137,'APPROVED','shobha','keyboard','2016-12-01 11:50:02','2016-12-01 11:50:02'),(393,116,'ISSUED','victor','for office use','2016-12-01 11:50:08','2016-12-01 11:50:08'),(394,138,'APPROVED','shobha','mouse','2016-12-01 11:50:17','2016-12-01 11:50:17'),(395,117,'ISSUED','victor','for office use','2016-12-01 11:50:28','2016-12-01 11:50:28'),(396,139,'APPROVED','shobha','600va ups','2016-12-01 11:50:37','2016-12-01 11:50:37'),(397,118,'ISSUED','victor','for office use','2016-12-01 11:50:57','2016-12-01 11:50:57'),(398,140,'APPROVED','shobha','hp laserjet 1000 series','2016-12-01 11:50:59','2016-12-01 11:50:59'),(399,141,'APPROVED','shobha','hp laserjet 1213','2016-12-01 11:51:26','2016-12-01 11:51:26'),(400,119,'ISSUED','victor','for office use only','2016-12-01 11:52:31','2016-12-01 11:52:31'),(401,142,'APPROVED','shobha','hp laserjet 401d','2016-12-01 11:52:34','2016-12-01 11:52:34'),(402,120,'ISSUED','victor','for office use','2016-12-01 11:53:16','2016-12-01 11:53:16'),(403,121,'ISSUED','victor','for office use','2016-12-01 11:55:12','2016-12-01 11:55:12'),(404,122,'ISSUED','victor','for office use','2016-12-01 11:55:39','2016-12-01 11:55:39'),(405,123,'ISSUED','victor','for office use','2016-12-01 11:56:02','2016-12-01 11:56:02'),(406,124,'ISSUED','victor','for office use','2016-12-01 11:56:21','2016-12-01 11:56:21'),(407,125,'ISSUED','victor','for office use','2016-12-01 11:56:45','2016-12-01 11:56:45'),(408,126,'ISSUED','victor','for office use','2016-12-01 11:58:13','2016-12-01 11:58:13'),(409,127,'ISSUED','victor','for office use','2016-12-01 11:59:34','2016-12-01 11:59:34'),(410,128,'ISSUED','victor','for office use','2016-12-01 11:59:55','2016-12-01 11:59:55'),(411,129,'ISSUED','victor','for office use','2016-12-01 12:00:16','2016-12-01 12:00:16'),(412,130,'ISSUED','victor','for office use','2016-12-01 12:00:33','2016-12-01 12:00:33'),(413,131,'ISSUED','victor','for office use','2016-12-01 12:01:04','2016-12-01 12:01:04'),(414,132,'ISSUED','victor','for office use','2016-12-01 12:01:24','2016-12-01 12:01:24'),(415,133,'ISSUED','victor','for office use','2016-12-01 12:03:14','2016-12-01 12:03:14'),(416,134,'ISSUED','victor','for office use','2016-12-01 12:04:23','2016-12-01 12:04:23'),(417,135,'ISSUED','victor','for office use','2016-12-01 12:04:45','2016-12-01 12:04:45'),(418,136,'ISSUED','victor','for office use','2016-12-01 12:06:13','2016-12-01 12:06:13'),(419,137,'ISSUED','victor','for office use','2016-12-01 12:08:32','2016-12-01 12:08:32'),(420,138,'ISSUED','victor','for office use','2016-12-01 12:09:58','2016-12-01 12:09:58'),(421,139,'ISSUED','victor','for office use','2016-12-01 12:11:44','2016-12-01 12:11:44'),(422,141,'ISSUED','victor','for office use','2016-12-01 12:14:18','2016-12-01 12:14:18'),(423,142,'ISSUED','victor','for office use','2016-12-01 12:14:42','2016-12-01 12:14:42'),(424,140,'ISSUED','victor','for office use','2016-12-01 12:15:42','2016-12-01 12:15:42'),(425,143,'PENDING','hospital','For registration countar use ','2016-12-02 04:54:31','2016-12-02 04:54:31'),(426,144,'PENDING','hospital','for c.m.s office use ','2016-12-02 04:55:37','2016-12-02 04:55:37'),(427,145,'PENDING','dhirend','for office use','2016-12-02 06:04:04','2016-12-02 06:04:04'),(428,146,'PENDING','dhirend','for office use','2016-12-02 06:14:57','2016-12-02 06:14:57'),(429,143,'APPROVED','sushma','','2016-12-02 06:56:07','2016-12-02 06:56:07'),(430,144,'APPROVED','sushma','','2016-12-02 06:56:30','2016-12-02 06:56:30'),(431,145,'APPROVED','sushma','','2016-12-02 06:57:04','2016-12-02 06:57:04'),(432,143,'ISSUED','victor','for office use','2016-12-02 06:57:37','2016-12-02 06:57:37'),(433,144,'ISSUED','victor','for office use','2016-12-02 06:58:04','2016-12-02 06:58:04'),(434,145,'ISSUED','victor','for office use','2016-12-02 06:58:26','2016-12-02 06:58:26'),(435,147,'PENDING','hariom','for office use','2016-12-02 07:25:05','2016-12-02 07:25:05'),(436,148,'PENDING','hariom','for office use','2016-12-02 07:25:29','2016-12-02 07:25:29'),(437,149,'PENDING','hariom','Office Use','2016-12-02 07:33:23','2016-12-02 07:33:23'),(438,150,'PENDING','amit','hp 3090','2016-12-02 07:39:40','2016-12-02 07:39:40'),(439,151,'PENDING','amit','hp w1907','2016-12-02 07:40:00','2016-12-02 07:40:00'),(440,152,'PENDING','amit','hp keyboard','2016-12-02 07:40:11','2016-12-02 07:40:11'),(441,153,'PENDING','amit','hp mouse','2016-12-02 07:40:21','2016-12-02 07:40:21'),(442,154,'PENDING','amit','elnova 600va','2016-12-02 07:40:39','2016-12-02 07:40:39'),(443,155,'PENDING','amit','hp laserjet m126nw','2016-12-02 07:41:01','2016-12-02 07:41:01'),(444,156,'PENDING','amit','color laserjet m175','2016-12-02 07:41:19','2016-12-02 07:41:19'),(445,157,'PENDING','vandana','hp 3090','2016-12-02 07:41:48','2016-12-02 07:41:48'),(446,158,'PENDING','vandana','hp lv1911','2016-12-02 07:41:56','2016-12-02 07:41:56'),(447,159,'PENDING','vandana','hp keybaord','2016-12-02 07:42:08','2016-12-02 07:42:08'),(448,160,'PENDING','vandana','hp mouse','2016-12-02 07:42:19','2016-12-02 07:42:19'),(449,161,'PENDING','vandana','elnova 600va','2016-12-02 07:42:39','2016-12-02 07:42:39'),(450,162,'PENDING','vandana','hp laserjet p1505','2016-12-02 07:43:00','2016-12-02 07:43:00'),(451,150,'APPROVED','shobha','for office use','2016-12-02 07:49:06','2016-12-02 07:49:06'),(452,153,'APPROVED','shobha','for office use','2016-12-02 07:49:17','2016-12-02 07:49:17'),(453,151,'APPROVED','shobha','for office use','2016-12-02 07:49:27','2016-12-02 07:49:27'),(454,152,'APPROVED','shobha','for office use','2016-12-02 07:49:37','2016-12-02 07:49:37'),(455,154,'APPROVED','shobha','for office use','2016-12-02 07:49:47','2016-12-02 07:49:47'),(456,156,'APPROVED','shobha','for office use','2016-12-02 07:49:56','2016-12-02 07:49:56'),(457,155,'APPROVED','shobha','for office use','2016-12-02 07:50:05','2016-12-02 07:50:05'),(458,157,'APPROVED','shobha','for office use','2016-12-02 07:50:16','2016-12-02 07:50:16'),(459,159,'APPROVED','shobha','for office use','2016-12-02 07:50:24','2016-12-02 07:50:24'),(460,162,'APPROVED','shobha','for office use','2016-12-02 07:50:33','2016-12-02 07:50:33'),(461,158,'APPROVED','shobha','for office use','2016-12-02 07:50:45','2016-12-02 07:50:45'),(462,160,'APPROVED','shobha','for office use','2016-12-02 07:50:54','2016-12-02 07:50:54'),(463,161,'APPROVED','shobha','for office use','2016-12-02 07:51:01','2016-12-02 07:51:01'),(464,150,'ISSUED','ravikumar','for office use','2016-12-02 07:52:50','2016-12-02 07:52:50'),(465,151,'ISSUED','ravikumar','for office use','2016-12-02 07:53:14','2016-12-02 07:53:14'),(466,152,'ISSUED','ravikumar','for office use','2016-12-02 07:53:34','2016-12-02 07:53:34'),(467,153,'ISSUED','ravikumar','for office use','2016-12-02 07:53:52','2016-12-02 07:53:52'),(468,154,'ISSUED','ravikumar','for office use','2016-12-02 07:54:19','2016-12-02 07:54:19'),(469,155,'ISSUED','ravikumar','for office use','2016-12-02 07:54:49','2016-12-02 07:54:49'),(470,156,'ISSUED','ravikumar','for office use','2016-12-02 07:55:08','2016-12-02 07:55:08'),(471,157,'ISSUED','ravikumar','for office use','2016-12-02 07:55:27','2016-12-02 07:55:27'),(472,158,'ISSUED','ravikumar','for office use','2016-12-02 07:55:49','2016-12-02 07:55:49'),(473,159,'ISSUED','ravikumar','for office use','2016-12-02 07:56:06','2016-12-02 07:56:06'),(474,160,'ISSUED','ravikumar','for office use','2016-12-02 07:56:26','2016-12-02 07:56:26'),(475,161,'ISSUED','ravikumar','for office use','2016-12-02 07:56:49','2016-12-02 07:56:49'),(476,162,'ISSUED','ravikumar','for office use','2016-12-02 07:57:11','2016-12-02 07:57:11'),(477,163,'PENDING','ankit','for office use','2016-12-02 08:27:46','2016-12-02 08:27:46'),(478,163,'APPROVED','sushma','','2016-12-02 08:37:25','2016-12-02 08:37:25'),(479,163,'ISSUED','ravikumar','for office use','2016-12-02 08:45:46','2016-12-02 08:45:46'),(480,164,'PENDING','parul','for office use','2016-12-02 09:52:59','2016-12-02 09:52:59'),(481,165,'PENDING','parul','for office use','2016-12-02 09:53:07','2016-12-02 09:53:07'),(482,166,'PENDING','parul','for office use','2016-12-02 09:53:14','2016-12-02 09:53:14'),(483,167,'PENDING','parul','for office use','2016-12-02 09:53:21','2016-12-02 09:53:21'),(484,168,'PENDING','parul','for office use','2016-12-02 09:53:28','2016-12-02 09:53:28'),(485,169,'PENDING','parul','for office use','2016-12-02 09:53:35','2016-12-02 09:53:35'),(486,164,'APPROVED','shobha','for office use','2016-12-02 10:09:59','2016-12-02 10:09:59'),(487,165,'APPROVED','shobha','for office use','2016-12-02 10:10:09','2016-12-02 10:10:09'),(488,166,'APPROVED','shobha','for office use','2016-12-02 10:10:16','2016-12-02 10:10:16'),(489,168,'APPROVED','shobha','for office use','2016-12-02 10:10:23','2016-12-02 10:10:23'),(490,167,'APPROVED','shobha','for office use','2016-12-02 10:10:31','2016-12-02 10:10:31'),(491,169,'APPROVED','shobha','for office use','2016-12-02 10:10:44','2016-12-02 10:10:44'),(492,164,'ISSUED','ravikumar','for office use','2016-12-02 10:12:17','2016-12-02 10:12:17'),(493,170,'PENDING','rajeev','for office use','2016-12-02 10:12:27','2016-12-02 10:12:27'),(494,171,'PENDING','rajeev','for office use','2016-12-02 10:12:46','2016-12-02 10:12:46'),(495,165,'ISSUED','ravikumar','for office use','2016-12-02 10:12:49','2016-12-02 10:12:49'),(496,172,'PENDING','rajeev','for office use','2016-12-02 10:12:55','2016-12-02 10:12:55'),(497,173,'PENDING','rajeev','for office use','2016-12-02 10:13:02','2016-12-02 10:13:02'),(498,174,'PENDING','rajeev','for office use','2016-12-02 10:13:11','2016-12-02 10:13:11'),(499,166,'ISSUED','ravikumar','for office use','2016-12-02 10:13:19','2016-12-02 10:13:19'),(500,175,'PENDING','rajeev','for office use','2016-12-02 10:13:19','2016-12-02 10:13:19'),(501,167,'ISSUED','ravikumar','for office use','2016-12-02 10:13:39','2016-12-02 10:13:39'),(502,168,'ISSUED','ravikumar','for office use','2016-12-02 10:14:10','2016-12-02 10:14:10'),(503,176,'PENDING','rcparihar','for office use','2016-12-02 10:14:12','2016-12-02 10:14:12'),(504,177,'PENDING','rcparihar','for office use','2016-12-02 10:14:22','2016-12-02 10:14:22'),(505,178,'PENDING','rcparihar','for office use','2016-12-02 10:14:29','2016-12-02 10:14:29'),(506,169,'ISSUED','ravikumar','for office use','2016-12-02 10:14:30','2016-12-02 10:14:30'),(507,179,'PENDING','rcparihar','for office use','2016-12-02 10:14:35','2016-12-02 10:14:35'),(508,180,'PENDING','rcparihar','for office use','2016-12-02 10:14:45','2016-12-02 10:14:45'),(509,181,'PENDING','rcparihar','for office use','2016-12-02 10:14:53','2016-12-02 10:14:53'),(510,170,'APPROVED','shobha','for office use','2016-12-02 10:15:57','2016-12-02 10:15:57'),(511,171,'APPROVED','shobha','for office use','2016-12-02 10:16:06','2016-12-02 10:16:06'),(512,172,'APPROVED','shobha','for office use','2016-12-02 10:16:16','2016-12-02 10:16:16'),(513,173,'APPROVED','shobha','for office use','2016-12-02 10:16:24','2016-12-02 10:16:24'),(514,175,'APPROVED','shobha','for office use','2016-12-02 10:16:31','2016-12-02 10:16:31'),(515,177,'APPROVED','shobha','for office use','2016-12-02 10:16:41','2016-12-02 10:16:41'),(516,174,'APPROVED','shobha','for office use','2016-12-02 10:16:53','2016-12-02 10:16:53'),(517,178,'APPROVED','shobha','for office use','2016-12-02 10:17:03','2016-12-02 10:17:03'),(518,176,'APPROVED','shobha','for office use','2016-12-02 10:17:11','2016-12-02 10:17:11'),(519,179,'APPROVED','shobha','for office use','2016-12-02 10:17:20','2016-12-02 10:17:20'),(520,181,'APPROVED','shobha','for office use','2016-12-02 10:17:27','2016-12-02 10:17:27'),(521,180,'APPROVED','shobha','for office use','2016-12-02 10:17:36','2016-12-02 10:17:36'),(522,170,'ISSUED','victor','for office use','2016-12-02 10:19:35','2016-12-02 10:19:35'),(523,171,'ISSUED','victor','for office use','2016-12-02 10:19:58','2016-12-02 10:19:58'),(524,182,'PENDING','bhuvan','for office use','2016-12-02 10:20:11','2016-12-02 10:20:11'),(525,183,'PENDING','bhuvan','for office use','2016-12-02 10:20:19','2016-12-02 10:20:19'),(526,172,'ISSUED','victor','for office use','2016-12-02 10:20:25','2016-12-02 10:20:25'),(527,184,'PENDING','bhuvan','for office use','2016-12-02 10:20:25','2016-12-02 10:20:25'),(528,185,'PENDING','bhuvan','for office use','2016-12-02 10:20:31','2016-12-02 10:20:31'),(529,186,'PENDING','bhuvan','for office use','2016-12-02 10:20:42','2016-12-02 10:20:42'),(530,173,'ISSUED','victor','for office use','2016-12-02 10:20:46','2016-12-02 10:20:46'),(531,187,'PENDING','bhuvan','for office use','2016-12-02 10:20:49','2016-12-02 10:20:49'),(532,174,'ISSUED','victor','for office use','2016-12-02 10:21:14','2016-12-02 10:21:14'),(533,175,'ISSUED','victor','for office use','2016-12-02 10:21:35','2016-12-02 10:21:35'),(534,188,'PENDING','amitpandey','for office use','2016-12-02 10:22:03','2016-12-02 10:22:03'),(535,176,'ISSUED','victor','for office use','2016-12-02 10:22:05','2016-12-02 10:22:05'),(536,189,'PENDING','amitpandey','for office use','2016-12-02 10:22:12','2016-12-02 10:22:12'),(537,190,'PENDING','amitpandey','for office use','2016-12-02 10:22:19','2016-12-02 10:22:19'),(538,177,'ISSUED','victor','for office use','2016-12-02 10:22:22','2016-12-02 10:22:22'),(539,191,'PENDING','amitpandey','for office use','2016-12-02 10:22:32','2016-12-02 10:22:32'),(540,178,'ISSUED','victor','for office use','2016-12-02 10:22:41','2016-12-02 10:22:41'),(541,179,'ISSUED','victor','for office use','2016-12-02 10:23:02','2016-12-02 10:23:02'),(542,192,'PENDING','amitpandey','for office use','2016-12-02 10:23:19','2016-12-02 10:23:19'),(543,180,'ISSUED','victor','for office use','2016-12-02 10:23:21','2016-12-02 10:23:21'),(544,193,'PENDING','amitpandey','for office use','2016-12-02 10:23:29','2016-12-02 10:23:29'),(545,181,'ISSUED','victor','for office use','2016-12-02 10:23:42','2016-12-02 10:23:42'),(546,194,'PENDING','lpsingh','for office use','2016-12-02 10:25:31','2016-12-02 10:25:31'),(547,195,'PENDING','lpsingh','for office use','2016-12-02 10:25:38','2016-12-02 10:25:38'),(548,196,'PENDING','lpsingh','for office use','2016-12-02 10:25:45','2016-12-02 10:25:45'),(549,197,'PENDING','lpsingh','for office use','2016-12-02 10:25:50','2016-12-02 10:25:50'),(550,182,'APPROVED','shobha','for office use','2016-12-02 10:25:53','2016-12-02 10:25:53'),(551,183,'APPROVED','shobha','for office use','2016-12-02 10:26:02','2016-12-02 10:26:02'),(552,198,'PENDING','lpsingh','for office use','2016-12-02 10:26:03','2016-12-02 10:26:03'),(553,184,'APPROVED','shobha','for office use','2016-12-02 10:26:11','2016-12-02 10:26:11'),(554,199,'PENDING','lpsingh','for office use','2016-12-02 10:26:12','2016-12-02 10:26:12'),(555,186,'APPROVED','shobha','for office use','2016-12-02 10:26:28','2016-12-02 10:26:28'),(556,185,'APPROVED','shobha','for office use','2016-12-02 10:26:37','2016-12-02 10:26:37'),(557,187,'APPROVED','shobha','for office use','2016-12-02 10:26:47','2016-12-02 10:26:47'),(558,188,'APPROVED','shobha','for office use','2016-12-02 10:26:57','2016-12-02 10:26:57'),(559,200,'PENDING','santoshkumar','for office use','2016-12-02 10:27:05','2016-12-02 10:27:05'),(560,201,'PENDING','santoshkumar','for office use','2016-12-02 10:27:11','2016-12-02 10:27:11'),(561,202,'PENDING','santoshkumar','for office use','2016-12-02 10:27:19','2016-12-02 10:27:19'),(562,189,'APPROVED','shobha','for office use','2016-12-02 10:27:22','2016-12-02 10:27:22'),(563,203,'PENDING','santoshkumar','for office use','2016-12-02 10:27:25','2016-12-02 10:27:25'),(564,190,'APPROVED','shobha','for office use','2016-12-02 10:27:32','2016-12-02 10:27:32'),(565,204,'PENDING','santoshkumar','for office use','2016-12-02 10:27:33','2016-12-02 10:27:33'),(566,191,'APPROVED','shobha','for office use','2016-12-02 10:27:41','2016-12-02 10:27:41'),(567,192,'APPROVED','shobha','for office use','2016-12-02 10:27:59','2016-12-02 10:27:59'),(568,193,'APPROVED','shobha','for office use','2016-12-02 10:28:08','2016-12-02 10:28:08'),(569,194,'APPROVED','shobha','for office use','2016-12-02 10:28:18','2016-12-02 10:28:18'),(570,195,'APPROVED','shobha','for office use','2016-12-02 10:28:29','2016-12-02 10:28:29'),(571,196,'APPROVED','shobha','for office use','2016-12-02 10:28:38','2016-12-02 10:28:38'),(572,197,'APPROVED','shobha','for office use','2016-12-02 10:28:49','2016-12-02 10:28:49'),(573,200,'APPROVED','shobha','for office use','2016-12-02 10:28:57','2016-12-02 10:28:57'),(574,205,'PENDING','commercial','for office use','2016-12-02 10:29:02','2016-12-02 10:29:02'),(575,198,'APPROVED','shobha','for office use','2016-12-02 10:29:08','2016-12-02 10:29:08'),(576,206,'PENDING','commercial','for office use','2016-12-02 10:29:09','2016-12-02 10:29:09'),(577,201,'APPROVED','shobha','for office use','2016-12-02 10:29:18','2016-12-02 10:29:18'),(578,207,'PENDING','commercial','for office use','2016-12-02 10:29:18','2016-12-02 10:29:18'),(579,208,'PENDING','commercial','for office use','2016-12-02 10:29:24','2016-12-02 10:29:24'),(580,199,'APPROVED','shobha','for office use','2016-12-02 10:29:27','2016-12-02 10:29:27'),(581,202,'APPROVED','shobha','for office use','2016-12-02 10:29:36','2016-12-02 10:29:36'),(582,209,'PENDING','commercial','for office use','2016-12-02 10:29:37','2016-12-02 10:29:37'),(583,203,'APPROVED','shobha','for office use','2016-12-02 10:29:45','2016-12-02 10:29:45'),(584,210,'PENDING','commercial','for office use','2016-12-02 10:29:45','2016-12-02 10:29:45'),(585,204,'APPROVED','shobha','for office use','2016-12-02 10:30:14','2016-12-02 10:30:14'),(586,205,'APPROVED','shobha','for office use','2016-12-02 10:30:21','2016-12-02 10:30:21'),(587,206,'APPROVED','shobha','for office use','2016-12-02 10:30:30','2016-12-02 10:30:30'),(588,207,'APPROVED','shobha','hp keyboard','2016-12-02 10:30:51','2016-12-02 10:30:51'),(589,208,'APPROVED','shobha','HP Mouse','2016-12-02 10:31:03','2016-12-02 10:31:03'),(590,209,'APPROVED','shobha','Hp Laserjet m126nw','2016-12-02 10:31:23','2016-12-02 10:31:23'),(591,210,'APPROVED','shobha','Microtek 600va','2016-12-02 10:31:41','2016-12-02 10:31:41'),(592,146,'REJECTED','shobha','','2016-12-02 10:32:20','2016-12-02 10:32:20'),(593,182,'ISSUED','ravikumar','for office use','2016-12-02 10:33:56','2016-12-02 10:33:56'),(594,183,'ISSUED','ravikumar','for office use','2016-12-02 10:34:21','2016-12-02 10:34:21'),(595,184,'ISSUED','ravikumar','for office use','2016-12-02 10:34:44','2016-12-02 10:34:44'),(596,185,'ISSUED','ravikumar','for office use','2016-12-02 10:35:03','2016-12-02 10:35:03'),(597,186,'ISSUED','ravikumar','for office use','2016-12-02 10:35:25','2016-12-02 10:35:25'),(598,187,'ISSUED','ravikumar','for office use','2016-12-02 10:35:46','2016-12-02 10:35:46'),(599,188,'ISSUED','ravikumar','for office use','2016-12-02 10:36:39','2016-12-02 10:36:39'),(600,189,'ISSUED','ravikumar','for office use','2016-12-02 10:37:30','2016-12-02 10:37:30'),(601,190,'ISSUED','ravikumar','for office use','2016-12-02 10:37:53','2016-12-02 10:37:53'),(602,191,'ISSUED','ravikumar','for oofice use','2016-12-02 10:38:19','2016-12-02 10:38:19'),(603,192,'ISSUED','ravikumar','for office use','2016-12-02 10:38:40','2016-12-02 10:38:40'),(604,193,'ISSUED','ravikumar','for office use','2016-12-02 10:39:03','2016-12-02 10:39:03'),(605,194,'ISSUED','ravikumar','for office use','2016-12-02 10:40:22','2016-12-02 10:40:22'),(606,195,'ISSUED','ravikumar','for office use','2016-12-02 10:42:11','2016-12-02 10:42:11'),(607,196,'ISSUED','ravikumar','for office use','2016-12-02 10:42:38','2016-12-02 10:42:38'),(608,197,'ISSUED','ravikumar','for office use','2016-12-02 10:42:51','2016-12-02 10:42:51'),(609,198,'ISSUED','ravikumar','for office use','2016-12-02 10:43:28','2016-12-02 10:43:28'),(610,199,'ISSUED','ravikumar','for office use','2016-12-02 10:43:58','2016-12-02 10:43:58'),(611,200,'ISSUED','ravikumar','for office use','2016-12-02 10:44:32','2016-12-02 10:44:32'),(612,201,'ISSUED','ravikumar','for office use','2016-12-02 10:44:47','2016-12-02 10:44:47'),(613,202,'ISSUED','ravikumar','for office use','2016-12-02 10:45:05','2016-12-02 10:45:05'),(614,203,'ISSUED','ravikumar','for office use','2016-12-02 10:45:19','2016-12-02 10:45:19'),(615,204,'ISSUED','ravikumar','for office use','2016-12-02 10:45:31','2016-12-02 10:45:31'),(616,205,'ISSUED','ravikumar','for office use','2016-12-02 10:46:10','2016-12-02 10:46:10'),(617,206,'ISSUED','ravikumar','for office use','2016-12-02 10:46:24','2016-12-02 10:46:24'),(618,207,'ISSUED','ravikumar','for office use','2016-12-02 10:46:39','2016-12-02 10:46:39'),(619,208,'ISSUED','ravikumar','for office use','2016-12-02 10:46:58','2016-12-02 10:46:58'),(620,209,'ISSUED','ravikumar','for office use','2016-12-02 10:47:12','2016-12-02 10:47:12'),(621,210,'ISSUED','ravikumar','for office use','2016-12-02 10:47:29','2016-12-02 10:47:29'),(622,211,'PENDING','hospital','Registration countar use ','2016-12-05 06:29:18','2016-12-05 06:29:18'),(623,212,'PENDING','pawanhealth','for office use','2016-12-05 08:11:18','2016-12-05 08:11:18'),(624,213,'PENDING','pawanhealth','for office use','2016-12-05 08:11:43','2016-12-05 08:11:43'),(625,214,'PENDING','pawanhealth','for office use','2016-12-05 08:12:13','2016-12-05 08:12:13'),(626,212,'APPROVED','shobha','for office use','2016-12-05 08:13:19','2016-12-05 08:13:19'),(627,213,'APPROVED','shobha','for office use','2016-12-05 08:13:33','2016-12-05 08:13:33'),(628,214,'APPROVED','shobha','for office use','2016-12-05 08:13:46','2016-12-05 08:13:46'),(629,215,'PENDING','sunilhealth','for office use','2016-12-05 08:14:36','2016-12-05 08:14:36'),(630,216,'PENDING','sunilhealth','for office use','2016-12-05 08:15:03','2016-12-05 08:15:03'),(631,215,'APPROVED','shobha','for offiice use','2016-12-05 08:15:38','2016-12-05 08:15:38'),(632,216,'APPROVED','shobha','for office use','2016-12-05 08:18:09','2016-12-05 08:18:09'),(633,212,'ISSUED','victor','for office use','2016-12-05 08:19:41','2016-12-05 08:19:41'),(634,213,'ISSUED','victor','for office use','2016-12-05 08:20:01','2016-12-05 08:20:01'),(635,214,'ISSUED','victor','for office use','2016-12-05 08:20:21','2016-12-05 08:20:21'),(636,215,'ISSUED','victor','for office use','2016-12-05 08:20:45','2016-12-05 08:20:45'),(637,216,'ISSUED','victor','for office use','2016-12-05 08:21:05','2016-12-05 08:21:05'),(638,217,'PENDING','instiutional','repalce for 000336','2016-12-05 08:25:23','2016-12-05 08:25:23'),(639,217,'APPROVED','shobha','for repalce 000336','2016-12-05 08:27:18','2016-12-05 08:27:18'),(640,217,'ISSUED','victor','for replace 000336','2016-12-05 08:28:10','2016-12-05 08:28:10'),(641,218,'PENDING','upender','hp toner repalce','2016-12-05 09:00:11','2016-12-05 09:00:11'),(642,218,'APPROVED','shobha','repalce toner','2016-12-05 09:00:36','2016-12-05 09:00:36'),(643,218,'ISSUED','victor','for repalce toner','2016-12-05 09:01:22','2016-12-05 09:01:22'),(644,219,'PENDING','victor','for','2016-12-05 09:07:43','2016-12-05 09:07:43'),(645,219,'APPROVED','shobha','f','2016-12-05 09:08:13','2016-12-05 09:08:13'),(646,220,'PENDING','permndera','for reaplace toern','2016-12-05 09:24:51','2016-12-05 09:24:51'),(647,220,'APPROVED','shobha','for toner repalce','2016-12-05 09:25:16','2016-12-05 09:25:16'),(648,220,'ISSUED','victor','toner repalce','2016-12-05 09:26:00','2016-12-05 09:26:00'),(649,221,'PENDING','upendercivil','for repalce ','2016-12-05 09:30:13','2016-12-05 09:30:13'),(650,221,'APPROVED','shobha','for reaplce','2016-12-05 09:32:13','2016-12-05 09:32:13'),(651,221,'ISSUED','ravikumar','for repalce mouse','2016-12-05 09:33:04','2016-12-05 09:33:04'),(652,222,'PENDING','upendercivil','Request already been approved by DCEO sir','2016-12-05 09:44:12','2016-12-05 09:44:12'),(653,223,'PENDING','upendercivil','Request for Printer LaserJet Pro 400 MFP M425dw has already been approved by DCEO sir but still not issued','2016-12-05 09:47:41','2016-12-05 09:47:41'),(654,224,'PENDING','omprakash','officeal','2016-12-05 10:08:03','2016-12-05 10:08:03'),(655,225,'PENDING','shrikant','for toner replace','2016-12-05 10:08:53','2016-12-05 10:08:53'),(656,225,'APPROVED','shobha','for office use','2016-12-05 10:11:16','2016-12-05 10:11:16'),(657,225,'ISSUED','ravikumar','for toner replace','2016-12-05 10:11:54','2016-12-05 10:11:54'),(658,226,'PENDING','anilkumar','repalce keybaord','2016-12-05 10:30:42','2016-12-05 10:30:42'),(659,226,'APPROVED','shobha','for office use','2016-12-05 10:31:11','2016-12-05 10:31:11'),(660,226,'ISSUED','ravikumar','repalce keybaord','2016-12-05 10:31:48','2016-12-05 10:31:48'),(661,227,'PENDING','anilkumar','repalce','2016-12-05 10:34:26','2016-12-05 10:34:26'),(662,227,'APPROVED','shobha','for office use','2016-12-05 10:38:10','2016-12-05 10:38:10'),(663,227,'ISSUED','victor','replace old','2016-12-05 10:38:37','2016-12-05 10:38:37'),(664,228,'PENDING','shanu','for repalce','2016-12-05 11:18:12','2016-12-05 11:18:12'),(665,229,'PENDING','shanu','for external laptop use','2016-12-05 11:18:38','2016-12-05 11:18:38'),(666,230,'PENDING','shanu','for external laptop use','2016-12-05 11:19:00','2016-12-05 11:19:00'),(667,228,'APPROVED','shobha','for office use','2016-12-05 11:23:24','2016-12-05 11:23:24'),(668,230,'APPROVED','shobha','for office use','2016-12-05 11:23:37','2016-12-05 11:23:37'),(669,229,'APPROVED','shobha','for office use','2016-12-05 11:23:48','2016-12-05 11:23:48'),(670,228,'ISSUED','ravikumar','for use external laptop','2016-12-05 11:25:33','2016-12-05 11:25:33'),(671,229,'ISSUED','ravikumar','for use external laptop','2016-12-05 11:26:20','2016-12-05 11:26:20'),(672,230,'ISSUED','ravikumar','for use external laptop','2016-12-05 11:26:47','2016-12-05 11:26:47'),(673,231,'PENDING','anurag','for replace ','2016-12-05 11:31:59','2016-12-05 11:31:59'),(674,231,'APPROVED','shobha','for office use','2016-12-05 11:32:39','2016-12-05 11:32:39'),(675,231,'ISSUED','victor','for replcae toner to old','2016-12-05 11:33:32','2016-12-05 11:33:32'),(676,232,'PENDING','admin','use for office','2016-12-05 12:11:56','2016-12-05 12:11:56');
/*!40000 ALTER TABLE `request_history` ENABLE KEYS */;
UNLOCK TABLES;

--
-- Table structure for table `user_roles`
--

DROP TABLE IF EXISTS `user_roles`;
/*!40101 SET @saved_cs_client     = @@character_set_client */;
/*!40101 SET character_set_client = utf8 */;
CREATE TABLE `user_roles` (
  `USER_ROLE_ID` int(11) NOT NULL AUTO_INCREMENT,
  `USERNAME` varchar(45) NOT NULL,
  `ROLE` varchar(45) NOT NULL,
  `CREATED_TIME` datetime DEFAULT NULL,
  `UPDATED_TIME` datetime DEFAULT NULL,
  PRIMARY KEY (`USER_ROLE_ID`),
  UNIQUE KEY `uni_username_role` (`ROLE`,`USERNAME`),
  KEY `fk_username_idx` (`USERNAME`),
  CONSTRAINT `USER_NAME_FK` FOREIGN KEY (`USERNAME`) REFERENCES `users` (`USERNAME`) ON DELETE CASCADE ON UPDATE CASCADE
) ENGINE=InnoDB AUTO_INCREMENT=61 DEFAULT CHARSET=latin1;
/*!40101 SET character_set_client = @saved_cs_client */;

--
-- Dumping data for table `user_roles`
--

LOCK TABLES `user_roles` WRITE;
/*!40000 ALTER TABLE `user_roles` DISABLE KEYS */;
INSERT INTO `user_roles` VALUES (5,'admin','ROLE_ADMIN',NULL,NULL),(6,'user','ROLE_USER',NULL,NULL),(7,'issuer','ROLE_ISSUER',NULL,NULL),(8,'approver','ROLE_APPROVER',NULL,NULL),(9,'shobha','ROLE_ADMIN','2016-11-19 03:54:17',NULL),(10,'ravikumar','ROLE_ISSUER','2016-11-19 03:55:57',NULL),(11,'victor','ROLE_ISSUER','2016-11-19 04:02:56',NULL),(12,'hospital','ROLE_USER','2016-11-19 06:40:08',NULL),(13,'childhospital','ROLE_USER','2016-11-24 07:06:07',NULL),(15,'arun','ROLE_USER','2016-11-28 05:38:49',NULL),(16,'ranjeet','ROLE_USER','2016-11-28 05:39:48',NULL),(17,'ruby','ROLE_USER','2016-11-28 05:40:18',NULL),(18,'computercell','ROLE_USER','2016-11-28 05:51:32',NULL),(19,'ajay','ROLE_USER','2016-11-28 05:51:58',NULL),(20,'satish','ROLE_USER','2016-11-28 05:52:28',NULL),(21,'sushma','ROLE_APPROVER','2016-11-28 05:58:19',NULL),(22,'siddharth','ROLE_USER','2016-12-01 06:32:51',NULL),(23,'zahid','ROLE_USER','2016-12-01 06:44:09',NULL),(24,'gschilwal','ROLE_USER','2016-12-01 06:44:59',NULL),(25,'instiutional','ROLE_USER','2016-12-01 06:45:55',NULL),(26,'tendercell','ROLE_USER','2016-12-01 07:12:37',NULL),(27,'ajit','ROLE_USER','2016-12-01 08:46:59',NULL),(29,'ravi','ROLE_USER','2016-12-01 10:45:10',NULL),(30,'abid','ROLE_USER','2016-12-01 10:45:45',NULL),(31,'manju','ROLE_USER','2016-12-01 10:46:11',NULL),(32,'omprakash','ROLE_USER','2016-12-01 10:46:43',NULL),(33,'dhirend','ROLE_USER','2016-12-02 06:02:11',NULL),(34,'grouphousing','ROLE_USER','2016-12-02 06:02:46',NULL),(35,'hariom','ROLE_USER','2016-12-02 07:24:17',NULL),(36,'amit','ROLE_USER','2016-12-02 07:37:30',NULL),(37,'vandana','ROLE_USER','2016-12-02 07:38:14',NULL),(38,'ntc','ROLE_USER','2016-12-02 07:38:29',NULL),(39,'ankit','ROLE_USER','2016-12-02 08:26:35',NULL),(40,'fc','ROLE_USER','2016-12-02 08:26:52',NULL),(41,'rajeev','ROLE_USER','2016-12-02 09:35:54',NULL),(42,'rcparihar','ROLE_USER','2016-12-02 09:36:26',NULL),(43,'parul','ROLE_USER','2016-12-02 09:37:30',NULL),(45,'amitpandey','ROLE_USER','2016-12-02 09:38:33',NULL),(46,'lpsingh','ROLE_USER','2016-12-02 09:40:33',NULL),(47,'santoshkumar','ROLE_USER','2016-12-02 09:49:16',NULL),(48,'bhuvan','ROLE_USER','2016-12-02 10:19:42',NULL),(49,'commercial','ROLE_USER','2016-12-02 10:28:31',NULL),(51,'pawanhealth','ROLE_USER','2016-12-05 07:38:20',NULL),(52,'sunilhealth','ROLE_USER','2016-12-05 08:09:27',NULL),(53,'upender','ROLE_USER','2016-12-05 08:57:05',NULL),(54,'permndera','ROLE_USER','2016-12-05 09:18:59',NULL),(55,'upendercivil','ROLE_USER','2016-12-05 09:28:30',NULL),(56,'shrikant','ROLE_USER','2016-12-05 10:03:13',NULL),(57,'anilkumar','ROLE_USER','2016-12-05 10:27:58',NULL),(58,'shanu','ROLE_USER','2016-12-05 11:17:19',NULL),(59,'anurag','ROLE_USER','2016-12-05 11:28:58',NULL),(60,'santoshcap','ROLE_USER','2016-12-05 12:05:26',NULL);
/*!40000 ALTER TABLE `user_roles` ENABLE KEYS */;
UNLOCK TABLES;

--
-- Table structure for table `users`
--

DROP TABLE IF EXISTS `users`;
/*!40101 SET @saved_cs_client     = @@character_set_client */;
/*!40101 SET character_set_client = utf8 */;
CREATE TABLE `users` (
  `USERNAME` varchar(45) NOT NULL,
  `PASSWORD` varchar(512) NOT NULL,
  `ENABLED` tinyint(4) NOT NULL DEFAULT '1',
  `FIRST_NAME` varchar(45) NOT NULL,
  `LAST_NAME` varchar(45) DEFAULT NULL,
  `DEPT_ID` int(11) NOT NULL,
  `EMP_CODE` varchar(45) NOT NULL,
  `CONTACT_NO` varchar(45) DEFAULT NULL,
  `CREATED_TIME` datetime DEFAULT NULL,
  `UPDATED_TIME` datetime DEFAULT NULL,
  PRIMARY KEY (`USERNAME`),
  UNIQUE KEY `EMP_CODE_UNIQUE` (`EMP_CODE`),
  KEY `DEPT_ID_idx` (`DEPT_ID`),
  CONSTRAINT `DEPT_ID_FK` FOREIGN KEY (`DEPT_ID`) REFERENCES `department` (`ID`) ON DELETE CASCADE ON UPDATE CASCADE
) ENGINE=InnoDB DEFAULT CHARSET=latin1;
/*!40101 SET character_set_client = @saved_cs_client */;

--
-- Dumping data for table `users`
--

LOCK TABLES `users` WRITE;
/*!40000 ALTER TABLE `users` DISABLE KEYS */;
INSERT INTO `users` VALUES ('abid','$2a$10$qSozT80gulst2ULIPcqSU.ZEW4fGyiQaBoxys0VU4ATP.8NR8tSIW',1,'abid','khan',8,'100014','9953329860','2016-12-01 10:45:45','2016-12-01 10:45:45'),('admin','$2a$10$cInPBbKm1DDIO0vMWW0qr.VdVRgIBrHuIcfheg7ggW2/p07EgS58O',1,'admin',NULL,2,'admin',NULL,NULL,NULL),('ajay','$2a$10$eS5OLoRFvB0uAKfxCUeP4uycZT4dhCDkaqyJ45Mxbcdl1ODgkvpou',1,'ajay','',4,'100008','7838685307','2016-11-28 05:51:58','2016-11-28 05:51:58'),('ajit','$2a$10$NSkjfOHHyg.dcsA2o/hyUegXZb5hK2UmHGmMA906KYPEI2IDbG5P2',1,'ajit','',9,'100013','9654113901','2016-12-01 08:46:59','2016-12-01 08:46:59'),('amit','$2a$10$RmHVbVq7xurnnYBwnArRaujLke0oSvpZvOqaz160LG3SjrmusGxFu',1,'amit','sharma',11,'100018','9650546566','2016-12-02 07:37:30','2016-12-02 07:37:30'),('amitpandey','$2a$10$ZpV8cXCJbWNfCi6eIrTrq.VL/cgkIjlxhdTa4X9OkPAcS0SGEay/q',1,'amit','pandey',14,'3305','9205691641','2016-12-02 09:38:33','2016-12-02 09:38:33'),('anilkumar','$2a$10$jJeGfbH6KutwzZhw0/UI.egEcMj73WWT.ACLhPd8crrYBBhDByP12',1,'anil','kumar',21,'100033','9205692366','2016-12-05 10:27:58','2016-12-05 10:27:58'),('ankit','$2a$10$S/2uV4MzFlAvIFQ86sq53uQVFBdSC7I8sXVT1dnRHTnK.LmeA4.v2',1,'ankit ','gupta',13,'100021','7838909738','2016-12-02 08:26:35','2016-12-02 08:26:35'),('anurag','$2a$10$3/Z6JbIvXaUE57sfcLOU6.Pa9brwTnzjaC16jflo6s1dnT4uxq2xm',1,'anurag','sharma',23,'1000355','9911313032',NULL,'2016-12-05 11:41:26'),('approver','$2a$10$QNTbNytQiYFap9mDY9Q2SOFjLLHMrf3fXNny3/crGszvJjI9FOoZW',1,'approver',NULL,2,'approver',NULL,NULL,NULL),('arun','$2a$10$CPXqghN5ZDT9des6.zsxFep2XlPX..sn6hbYyO6sMjM1fY.9jxiYC',1,'arun','',2,'100006','7531809428','2016-11-28 05:38:49','2016-11-28 05:38:49'),('bhuvan','$2a$10$3bfZcvvFpNlbPzNczK/1e.Pzw3BN83OY9/f3nTmAWYUyuBYcXkd5i',1,'bhuvan','chand',14,'2406','986863709','2016-12-02 10:19:42','2016-12-02 10:19:42'),('childhospital','$2a$10$lt1u5eVcPu1FYOUkGBrxhO8t5LoULdaAveIlPqD1/9jw9pODKbsVe',1,'child','hospital',6,'100004','','2016-11-24 07:06:07','2016-11-24 07:06:07'),('commercial','$2a$10$rhy.o80K8uXfV4lIewJjpuWS7TG74MZ.G7Znmf.7ZluZw4b18pUje',1,'commercial','',14,'100023','','2016-12-02 10:28:31','2016-12-02 10:28:31'),('computercell','$2a$10$Q8wjM5ziQJoL/djPVCQl5eYu/G3mTzmbX6vWaVl8.DOJqQpFUQpwG',1,'computer','cell',4,'100007','','2016-11-28 05:51:32','2016-11-28 05:51:32'),('dhirend','$2a$10$XlRfBq4T8qkSmAwuCmccQ.ME9ZooXaRyzL/ipznKFNtMeqeXewTne',1,'dhirend','toamr',10,'100015','8800224407','2016-12-02 06:02:11','2016-12-02 06:02:11'),('fc','$2a$10$0/rZ1s6vw0zyIFnv3NOYJueW6bq8xqcVGqE0yloY2RcpOtf/SGK52',1,'fc','',13,'100022','','2016-12-02 08:26:52','2016-12-02 08:26:52'),('grouphousing','$2a$10$ryxIUoayziE2DsuEePIa.uawliCr2b9xrg3RkQosU1lC38CiP/TYu',1,'group','housing',10,'100016','','2016-12-02 06:02:46','2016-12-02 06:02:46'),('gschilwal','$2a$10$Ezya32xv1KlsOOG6MxrbeueYpV8i/lr5B3e1HjwdCDIL0d4vJ3eoO',1,'g.s','chilwal',7,'1661','9205691403','2016-12-01 06:44:59','2016-12-01 06:44:59'),('hariom','$2a$10$TZe8BKMGa6cZ/o.SnhT9seP6lhppwlLjyxbE/90bIxl1kcJ7rrcHu',1,'hariom','sharma',12,'100017','8743875050','2016-12-02 07:24:17','2016-12-02 07:24:17'),('hospital','$2a$10$mxEZsTdlFfnISvclvF2.5Oc4By3orIWXjnsBqtrS62qll3z8PiaFy',1,'B R Ambedkar','Hospital',3,'100003','','2016-11-19 06:40:08','2016-11-19 06:40:08'),('instiutional','$2a$10$4RdCk1pezmMbWmC7Z.vJyenlSZx4q7nZRcoz//D/GnSD01YwJTAh.',1,'instiutional','instiutional',7,'100011','','2016-12-01 06:45:55','2016-12-01 06:45:55'),('issuer','$2a$10$OqcAYAJ79i.XWUf9oKn0FOw/zlYdHFQW4MOB912CczuClOcb23cAG',1,'issuer',NULL,2,'issuer',NULL,NULL,NULL),('lpsingh','$2a$10$mo2e5f4BzdL7vL/BthpK7ePuMeM9sL0Em4mWRxKnFGTB2EzguSXgu',1,'lp','singh',14,'2687','9205691016','2016-12-02 09:40:33','2016-12-02 09:40:33'),('manju','$2a$10$Aa/HWBQv/fbBI5igy9MfPOQZdT2iA.UaWLRNHjPOQylYpab0wyBAS',1,'manju','',8,'3275','9205691624','2016-12-01 10:46:11','2016-12-01 10:46:11'),('ntc','$2a$10$BzVZxB9kyy77k.5NckqeTOYidzx1uBpvaQXmeDOv3ijNbsAHXmmv.',1,'ntc','',11,'100020','','2016-12-02 07:38:29','2016-12-02 07:38:29'),('omprakash','$2a$10$zfYDl1SyhB3uuCH3.pjEl.BphWHjj.9cqHUVyjC/bGwepisXSnFMu',1,'om','prakash',8,'1777','9205691638','2016-12-01 10:46:43','2016-12-01 10:46:43'),('parul','$2a$10$UGUyFWIaLlwI7bqe23WAtuhkJTtlXWJD8.gTeq0TIZI1yKWT6fU8m',1,'parul','attari',14,'3279','9205691477','2016-12-02 09:37:30','2016-12-02 09:37:30'),('pawanhealth','$2a$10$Vx66oCDsDLmNiM0uF7VMTOsduUB.KQbzauqSYdAo8EOoGWbshxQy.',1,'pawan','pawan',15,'100027','9971530995','2016-12-05 07:38:20','2016-12-05 07:38:20'),('permndera','$2a$10$xysxZeIN/BokKkJQYu8Sf.hsp8ZkdH0cbY/IL6HsW4c/HzCiLOR/6',1,'permndera','kumar',18,'100034','8802040447',NULL,'2016-12-05 10:06:55'),('rajeev','$2a$10$3Lk5Ij2a9AK9wUswOeIhNeW.Z2F80dRbHEeoiI.s3WeqgrLvNyukq',1,'rajeev','verma',14,'2952','9205691297','2016-12-02 09:35:54','2016-12-02 09:35:54'),('ranjeet','$2a$10$ojI0yeLXvriBRenoqR5Ld.vW/huqJSNWTrR7a1wcC5ZGyXhJDUMni',1,'ranjeet ','kumar',2,'100005','8527556166','2016-11-28 05:39:48','2016-11-28 05:39:48'),('ravi','$2a$10$q3bepGxp0BBMzy9iDIvQHORrEyBP62p3VTgP0llGFVwM9YnOLsuMy',1,'ravi','gautam',8,'3276','9205691633','2016-12-01 10:45:10','2016-12-01 10:45:10'),('ravikumar','$2a$10$1u3HFJU5da4/6D.JWS.aPuj3B7v71tN1Vcy2hOUJUBkGLFgAG2ZFC',1,'Ravi','Verma',2,'100001','9811989934',NULL,'2016-11-19 07:50:24'),('rcparihar','$2a$10$ka7DRvKqqZAkjyiX2btLzemPvga2yxlDiUVyOQVkretR8hR87L/dC',1,'rc','parihar',14,'1147','9838863709','2016-12-02 09:36:26','2016-12-02 09:36:26'),('ruby','$2a$10$Bt7c4s1BXRxwI4jSqCAtoOOT3hBPfxr1ThbyqWEHBTAXiCGmczwlO',1,'ruby','',4,'3274','9205691623','2016-11-28 05:40:18','2016-11-28 05:40:18'),('santoshcap','$2a$10$bqZ2wxa38xucBqvoQFbJpuDBrcyNrQZCkp02Mmr0RGB4NesqfYyCe',1,'santosh','kumar',24,'100037','9717073750','2016-12-05 12:05:26','2016-12-05 12:05:26'),('santoshkumar','$2a$10$BR0ESWX.c8Ko5Rt7G1T53.HFhzpe1VklCR5aMihT3P3A3U6M0.pam',1,'santosh','kumar',14,'3022','9205691069','2016-12-02 09:49:16','2016-12-02 09:49:16'),('satish','$2a$10$Ru4gIXzT4y8iy1XaKrOlTeIXBWoMyHNnSs/g2dMu4vD583Xr5M/mK',1,'satish','',4,'100009','8744090433','2016-11-28 05:52:28','2016-11-28 05:52:28'),('shanu','$2a$10$fYtw0yPf.4MXNWHhtICSnO5iz4dscBwDvRJmAKjP4XDA20zCklLEy',1,'shanu','saxena',22,'100036','9540409007','2016-12-05 11:17:19','2016-12-05 11:17:19'),('shobha','$2a$10$qZyA4suzSeubS3LcXyfL5eRl9O4Walxrjd4FD6wXv75IslebxlvEO',1,'Shobha','Kushwaha ',2,'3233','9205691104','2016-11-19 03:54:16','2016-11-19 03:54:16'),('shrikant','$2a$10$qKU2y9qYDSZhVYT5W9ve4utidxv9ceTIMvRWt4scknzBk72JSbKWG',1,'shrikant','',20,'100025','9818392335','2016-12-05 10:03:13','2016-12-05 10:03:13'),('siddharth','$2a$10$0TfcWxmm2bxUncLywDjAnO2OWPix0IRIZH/0h5.mgMaRQ6Pneeuom',1,'siddhath','gautam',7,'2699','9205691061','2016-12-01 06:32:51','2016-12-01 06:32:51'),('sunilhealth','$2a$10$H3PzjbReh7IIhozgb6XbYeanOuAYwuNBDwKlEGJrK3n.SXRoN4zve',1,'sunil','',16,'100029','9717978752','2016-12-05 08:09:27','2016-12-05 08:09:27'),('sushma','$2a$10$VohtLoPU35ZCdWMsH2hq9ecdIAHh8cQnBMulcyqCDYZRXs4Z1C78K',1,'sushma','sushma',4,'2688','9205691080',NULL,'2016-12-01 08:53:30'),('tendercell','$2a$10$Q8lpp1KoeVh/RkTJQj5Lo.C/ksw1iCXsskJoT59zSSZbcbE/kDpza',1,'tender ','cell',8,'100012','','2016-12-01 07:12:37','2016-12-01 07:12:37'),('upender','$2a$10$/ynsZXN7345pjaEBrcFUOOTMpsMcfeJf1H0BA3NPQrcCDPyIyqQMu',1,'upender','singh',17,'100030','9818974817','2016-12-05 08:57:05','2016-12-05 08:57:05'),('upendercivil','$2a$10$WxoI7z1xMZDkw1vFum5Souv9IP0ycrWJkqD83tPnWNBZc2Q0ckDFi',1,'upender','kumar',19,'100031','8800252721',NULL,'2016-12-05 09:49:20'),('user','$2a$10$h.4MUPdv5O.4ppeiXQhlouGAU8BSmD0ma7roXbcnHkcKRoH1EQGsy',1,'user',NULL,2,'user',NULL,NULL,NULL),('vandana','$2a$10$omlnduERiy.TwBk38DcGqOmcUW9QIzCnyxsrTvQdSh61eHuGY1xVq',1,'vandana','arya',11,'100019','9911804293','2016-12-02 07:38:14','2016-12-02 07:38:14'),('victor','$2a$10$yNPQo9eTvvdbofTXuq5FSOhOJMI5mjJNEdLawP7KeOBGieXDsLkv6',1,'Victor','',2,'100002','9811989935','2016-11-19 04:02:56','2016-11-19 04:02:56'),('zahid','$2a$10$qoxiBT4QX2KSRNXt5XBibuPV8FNSXhOQ91GCdM5DVdS7rq0AEXdl6',1,'zahid','saifi',7,'100010','8860877661','2016-12-01 06:44:09','2016-12-01 06:44:09');
/*!40000 ALTER TABLE `users` ENABLE KEYS */;
UNLOCK TABLES;

--
-- Dumping events for database 'noida'
--

--
-- Dumping routines for database 'noida'
--
/*!40103 SET TIME_ZONE=@OLD_TIME_ZONE */;

/*!40101 SET SQL_MODE=@OLD_SQL_MODE */;
/*!40014 SET FOREIGN_KEY_CHECKS=@OLD_FOREIGN_KEY_CHECKS */;
/*!40014 SET UNIQUE_CHECKS=@OLD_UNIQUE_CHECKS */;
/*!40101 SET CHARACTER_SET_CLIENT=@OLD_CHARACTER_SET_CLIENT */;
/*!40101 SET CHARACTER_SET_RESULTS=@OLD_CHARACTER_SET_RESULTS */;
/*!40101 SET COLLATION_CONNECTION=@OLD_COLLATION_CONNECTION */;
/*!40111 SET SQL_NOTES=@OLD_SQL_NOTES */;

-- Dump completed on 2016-12-05 16:44:42
